id,time,score,city,nickname,gender,content
1038965584,2018-09-09 22:19,4.5,,,女性,不错  挺好看的😊
1038970811,2018-09-09 22:17,4.5,,,女性,支持渤哥。。。确实很棒
1038965548,2018-09-09 22:17,5.0,,,男性,好看好看好看
1038968111,2018-09-09 22:17,0.5,,,男性,垃圾片肥皂剧
1038970798,2018-09-09 22:16,2.5,,,男性,一般般，票买错了。
1038970760,2018-09-09 22:15,5.0,,,女性,支持我的小兴
1038971632,2018-09-09 22:15,5.0,,,女性,很有意思的。
1038865789,2018-09-09 22:13,5.0,,,女性,很好看，精彩绝伦！
1038968079,2018-09-09 22:13,3.5,,,女性,感觉还可以。但是总觉得有点美中不足
1038968070,2018-09-09 22:12,5.0,,,女性,看懂了，这就是人类，值得深思
1038962824,2018-09-09 22:11,4.0,,,女性,就还好..没有想象中的有意思。
1038965480,2018-09-09 22:10,5.0,,,男性,好看。。。。。。
1038971528,2018-09-09 22:10,5.0,,,女性,人性最真实的一面！
1038962802,2018-09-09 22:09,5.0,,,女性,好看，看电影有瘾了。
1038971395,2018-09-09 22:05,5.0,,,女性,好看的电影，喜欢王宝强和黄渤
1038971361,2018-09-09 22:03,3.0,,,女性,还算可以吧。
1038962740,2018-09-09 22:03,3.0,,,女性,对取景视觉疲劳
1038970441,2018-09-09 22:03,2.5,,,男性,完美的演绎了一句话，不怕神一样的对手，就怕猪一样的队友。这句话贯穿整个电影。
1038959954,2018-09-09 22:02,5.0,,,女性,强烈推荐非常好看
1037423349,2018-09-09 22:00,5.0,,,女性,挺有意思的哈哈哈呵呵呵
1038971276,2018-09-09 22:00,4.5,,,男性,是黄渤的风格，用影片里面的一句话，简单，真
1038962701,2018-09-09 21:59,2.5,,,女性,不够写实，情节过于简单
1038971244,2018-09-09 21:59,4.0,,,女性,二刷感觉很多点看得更加清晰了，立意的确已经不仅仅在于个人了
1038965340,2018-09-09 21:56,2.0,,,女性,just soso
1038959875,2018-09-09 21:54,4.5,,,女性,很好的影片！
1038971059,2018-09-09 21:50,5.0,,,女性,值得一看 没毛病
1038965282,2018-09-09 21:50,5.0,,,女性,超好看 很生动形象的片子
1038971016,2018-09-09 21:49,4.5,,,女性,艺兴黑化了嘤嘤嘤
1038962582,2018-09-09 21:48,4.0,,,女性,挺好的啊啊啊啊啊啊
1038970052,2018-09-09 21:48,4.0,,,男性,看似嬉笑怒骂，其实揭露了人性的弱点。每个人内心都有丑陋和美好，丑陋多了就是魔鬼，美好多了就是天使。
1038966988,2018-09-09 21:44,5.0,,,男性,艺兴哥好棒，不愧是我的榜样
1038966977,2018-09-09 21:44,5.0,,,男性,很好看，每个人都有自己的心思
1038967862,2018-09-09 21:43,2.5,,,女性,看不太懂，没什么意思
1038966940,2018-09-09 21:42,5.0,,,女性,好看  特别不错  超乎我的想象张艺兴加油哦张艺兴牙齿好白啊情节很不错  也有笑点
1038966924,2018-09-09 21:41,0.5,,,女性,广告太多，片子也烂
1038967821,2018-09-09 21:41,5.0,,,女性,很值得思考，
1038965180,2018-09-09 21:40,4.0,,,女性,不错很搞笑的
1038962506,2018-09-09 21:40,5.0,,,女性,完美，前后剧情紧凑，伏笔很多，很有意思，结局也很美好，期待新作
1038959720,2018-09-09 21:39,5.0,,,男性,非常好看，直击内心
1038967775,2018-09-09 21:39,3.5,,,男性,不是很好看。
1038889363,2018-09-09 21:38,4.0,,,女性,挺好看的电影
1038966816,2018-09-09 21:38,4.5,,,女性,挺好看的，看网上分析吓到了，看的时候真没想辣么多。。
1038962485,2018-09-09 21:38,5.0,,,男性,很好看，不错的
1038967727,2018-09-09 21:38,5.0,,,女性,艺兴真的是打破了我的想象，演的非常好
1038965127,2018-09-09 21:37,4.0,,,女性,还好。。。。。
1038962467,2018-09-09 21:37,5.0,,,女性,一个字 好！
1038967692,2018-09-09 21:36,4.0,,,女性,哎呦我去好看哦
1038967684,2018-09-09 21:35,5.0,,,女性,好看！！！！！！！
1038967668,2018-09-09 21:34,4.0,,,女性,挺不错的，很喜欢黄渤！张艺兴的演技也越来越好了！
1038966718,2018-09-09 21:34,3.5,,,女性,本人觉得不是很好看，不过还是喜欢的
1038959643,2018-09-09 21:34,4.5,,,女性,很不错，特喜欢
1038965086,2018-09-09 21:33,5.0,,,女性,蛮好可以  非常棒
1038966685,2018-09-09 21:33,4.5,,,男性,电影不错，但是电影院不把电影放完，没看完就关了
1038966665,2018-09-09 21:32,0.5,,,女性,差的一比很啊
1038967588,2018-09-09 21:31,5.0,,,女性,非常好，。。。
1038966642,2018-09-09 21:31,5.0,,,女性,人性的挣扎，欲望的放大，最后一念之差。
1038857777,2018-09-09 21:31,5.0,,,女性,好看的，精彩的一次
1038967558,2018-09-09 21:30,5.0,,,女性,很不错的电影。黄渤很有才
1038959603,2018-09-09 21:30,3.5,,,女性,新影院，第一感觉就是比较好的。试听效果极强，屏幕超宽，超大。
1038966596,2018-09-09 21:29,3.5,,,男性,剧本寓意深远，艺术表现形式较好.作为喜剧片还不够格
1038966581,2018-09-09 21:28,3.5,,,女性,一般，不怎么喜欢
1038967457,2018-09-09 21:26,5.0,,,男性,不错不错，非常好看，笑点也很好
1038966524,2018-09-09 21:26,5.0,,,女性,嗯还算能看得懂
1038967454,2018-09-09 21:26,5.0,,,男性,冲黄渤去的，感觉不错！
1038967453,2018-09-09 21:26,5.0,,,女性,很好看，值得推荐
1038865716,2018-09-09 21:25,4.5,,,男性,有深度，对人性进行了深度揭示
1038955993,2018-09-09 21:25,5.0,,,女性,人家都是看有没有意思，我家小哥哥竟然看出了人心
1038966495,2018-09-09 21:24,5.0,,,女性,好看。。。。。。
1038967395,2018-09-09 21:24,3.5,,,女性,凸显一部人性的电影。
1038955977,2018-09-09 21:23,4.5,,,女性,国产手影，，可以了
1038966461,2018-09-09 21:23,2.5,,,女性,太疯狂，乱的很
1038962298,2018-09-09 21:20,5.0,,,女性,非常好很好看
1038966364,2018-09-09 21:18,4.5,,,女性,黄渤导演，让人惊喜
1038966351,2018-09-09 21:18,4.0,,,女性,黄渤第一次自导自演的电影还是很不错的，演员基本都是实力派
1038955927,2018-09-09 21:17,4.0,,,女性,再现了人类的另一面
1038967236,2018-09-09 21:17,5.0,,,男性,挺好看的，好玩
1038959457,2018-09-09 21:13,5.0,,,男性,好搞笑建议你们看看
1038955887,2018-09-09 21:13,5.0,,,女性,好看，看了解析更震惊。
1038955886,2018-09-09 21:13,5.0,,,男性,挺有深意的（在看完电影搜解读），在看的时候也还行，整个设定新颖。
1038966226,2018-09-09 21:12,4.0,,,男性,演的还行，剧情有点牵强！
1038962215,2018-09-09 21:12,3.0,,,女性,没意思，演员也不咋地
1038889312,2018-09-09 21:12,4.5,,,女性,很好的电影   就是贵了点
1038966164,2018-09-09 21:09,4.5,,,女性,电影还不错，挺好的，艺兴的表演又进步了…
1038967052,2018-09-09 21:08,4.0,,,男性,暑期的几部电影看完最后的观感几乎一致：在金钱诱惑下…不能泯灭自己的良心
1038966121,2018-09-09 21:08,5.0,,,女性,很好看......
1038967038,2018-09-09 21:08,5.0,,,女性,还不错，意思还是蛮不错的，被钱砸中了却无福消受
1038962155,2018-09-09 21:06,2.5,,,女性,大失所望！一点不好笑，真是部没深度的电影！
1038964951,2018-09-09 21:03,4.0,,,女性,很喜欢黄渤，张艺兴，王迅，于和伟。整个故事荒诞却有趣，细想又让人觉得恐惧，这大概就是人性吧。
1038963985,2018-09-09 21:02,5.0,,,女性,冒险类型挺好看的
1038964908,2018-09-09 21:00,5.0,,,男性,有笑感 很好
1038964864,2018-09-09 20:58,5.0,,,女性,每次黄渤的电影必看
1038963896,2018-09-09 20:58,4.0,,,女性,好的，下次在看
1038963878,2018-09-09 20:57,3.5,,,女性,想象力丰富。
1038963865,2018-09-09 20:57,2.0,,,女性,导演还需要努力，细节处理太粗糙了
1038955720,2018-09-09 20:54,3.5,,,女性,没有领悟到精髓。
1038955718,2018-09-09 20:54,5.0,,,女性,还不错！！！！！！！！！！！！
1038963781,2018-09-09 20:53,3.5,,,男性,一般吧，故事挺好，但是太单薄了，道理太表面了，人性面也没有过多叙述，没有深化
1038962014,2018-09-09 20:51,3.5,,,女性,电影情节不算精彩，笑点也不太够，总之就是暴力与人性的电影
1038963705,2018-09-09 20:49,2.5,,,男性,一般中途睡着了3次
1038959251,2018-09-09 20:49,5.0,,,女性,电影很有意思，最大的惊喜莫过于张艺兴，从之前的任人欺负的小人物，到后面角色的反转，角色表现的很到位，赞一个
1038955657,2018-09-09 20:47,4.5,,,女性,为了不让你骄傲
1038964591,2018-09-09 20:47,3.0,,,女性,不咋滴，一般般。
1038955655,2018-09-09 20:47,4.0,,,男性,影片感觉一般般。
1038963624,2018-09-09 20:46,5.0,,,女性,很好看，脑洞大开
1038963610,2018-09-09 20:44,3.0,,,女性,超烂，爱。。。
1038964510,2018-09-09 20:43,4.0,,,女性,很不错的电影
1038964484,2018-09-09 20:42,5.0,,,女性,很好看，建议大家去看。
1038963496,2018-09-09 20:39,5.0,,,男性,真的是一出好戏，意犹未尽的感觉
1038963480,2018-09-09 20:39,2.5,,,女性,荒诞剧表达人性，但是还是差了点什么，人性表达得不够。
1038964417,2018-09-09 20:38,4.0,,,女性,感觉里面少了等点金条
1038963473,2018-09-09 20:38,4.0,,,女性,笑点还不少～
1038882420,2018-09-09 20:38,0.5,,,女性,房间里面气味太大
1038952861,2018-09-09 20:36,2.5,,,女性,一般，不是很好看
1038964274,2018-09-09 20:32,5.0,,,女性,好看  张艺兴的表演太赞了
1038964273,2018-09-09 20:32,5.0,,,男性,王宝强👍👍👍👍👍
1038952811,2018-09-09 20:32,5.0,,,女性,不错不错😄😄
1038963314,2018-09-09 20:31,5.0,,,女性,搞笑，刺激，很不错的电影
1033713525,2018-09-09 20:31,5.0,,,女性,黄老师的处女座，很棒，很有意义。
1038964239,2018-09-09 20:30,5.0,,,男性,的确是一出好戏
1038964206,2018-09-09 20:28,4.0,,,女性,一般吧，相对于简单。
1038955514,2018-09-09 20:28,3.5,,,女性,挺好看的，温馨
1038955503,2018-09-09 20:27,4.5,,,女性,剧情紧凑，还可以吧
1038955501,2018-09-09 20:27,5.0,,,男性,黄渤出演，必属精品
1038952753,2018-09-09 20:26,3.0,,,男性,2D是3D就好了
1038964123,2018-09-09 20:25,5.0,,,女性,环境优雅，很好
1038964078,2018-09-09 20:24,5.0,,,女性,搞笑是搞笑，人不帅
1038964028,2018-09-09 20:22,5.0,,,女性,情节设计真的扣人心弦，跌宕起伏，引人入胜，两小时14分钟的时间，完整的叙述了整个故事，但是我个人觉得时间有点长，因为到后面我有点坐不住了
1038951987,2018-09-09 20:21,3.5,,,女性,一般般，一般般
1038964016,2018-09-09 20:21,4.0,,,女性,小兴结局太惨了，总体来说是一部讲人性的电影，起因还是源于专家的瞎说，很有意思
1038955443,2018-09-09 20:21,5.0,,,男性,不错不错，很烧脑。喜欢渤哥的每一部电影。不管是自己的还是参演的。
1038961987,2018-09-09 20:20,5.0,,,女性,特别好非常完美
1038960976,2018-09-09 20:16,5.0,,,男性,黄渤的戏也挺无厘头的，有点周星驰的风格
1038951927,2018-09-09 20:15,5.0,,,男性,不错，可以看一下
1038952634,2018-09-09 20:14,5.0,,,女性,棒。。。。。
1038955365,2018-09-09 20:12,5.0,,,男性,绝对没意思 不现实的片子
1038951898,2018-09-09 20:12,2.0,,,女性,一般吧，没那么好看
1038961800,2018-09-09 20:11,5.0,,,女性,有深度但我看不懂
1038961782,2018-09-09 20:11,4.0,,,女性,剧情有点乱，后半段比前半段好很多…
1038960878,2018-09-09 20:11,4.5,,,女性,减下去的内容太多了
1038960876,2018-09-09 20:11,5.0,,,女性,非常好看  非常完美
1038960827,2018-09-09 20:09,4.0,,,女性,还不错，跟朋友看的，
1038961707,2018-09-09 20:08,5.0,,,女性,好看好看好看
1038955327,2018-09-09 20:07,5.0,,,男性,我个人觉得，挺有意思。哈哈😄
1038951824,2018-09-09 20:06,5.0,,,男性,我是外国人出差到中国，这一个星期内我总共看了5部电影，这部电影是最好看了
1038960716,2018-09-09 20:05,4.5,,,女性,很好看 真的很棒
1038960699,2018-09-09 20:04,5.0,,,男性,人性的大爆发
1038955305,2018-09-09 20:04,5.0,,,男性,很不错的，支持黄渤
1038961603,2018-09-09 20:04,5.0,,,女性,电影非常好看
1038961573,2018-09-09 20:02,5.0,,,女性,好看！！！！！
1038961554,2018-09-09 20:01,4.0,,,女性,与渤哥以往的演绎风格还是有一点点差别的
1038961546,2018-09-09 20:01,4.0,,,女性,还行，还能看看😄
1038960580,2018-09-09 19:59,5.0,,,女性,好看很不错的电影
1038951769,2018-09-09 19:58,5.0,,,女性,黄渤的电影，没的说，看完还是有点感触的
1038952469,2018-09-09 19:58,4.5,,,女性,影片还行，常规的东西。
1038955227,2018-09-09 19:57,5.0,,,女性,很好看，寓意很深
1033816333,2018-09-09 19:57,3.0,,,女性,挺失望的。这什么**剧情啊。跟网络小说一毛一样，太狗血了，穷*丝跟女神一起流落无人岛。然后打怪升级成为了高富帅的故事。在这个基础上加了人性，感觉好生硬。说的是让人活的有希望。三个老大，一个是大锅饭，第二个资本家，第三个虚伪的演说家给了大家希望。故事最后演说家的欲望也被挖掘了出来。呵呵，逻辑不清，当其他人都是傻的？给了6分因为黄渤，只给6分也是因为黄渤。
1038952455,2018-09-09 19:56,3.5,,,女性,很大的期待去看的     前面都挺好的    包括中间他们的争执      也不知道为什么总感觉差了点什么
1038961414,2018-09-09 19:55,3.5,,,男性,真实，人性，人心，欲望。
1038865623,2018-09-09 19:54,2.5,,,女性,一般般吧，感觉没什么剧情
1038951734,2018-09-09 19:54,4.0,,,女性,还不错。挺好的
1038961341,2018-09-09 19:52,3.5,,,女性,天气问题没去成，浪费了
1038960425,2018-09-09 19:52,4.5,,,女性,虽然能猜到结局，但整个过程中关乎的人性，确实让人深思
1038961332,2018-09-09 19:51,4.5,,,女性,不错，值得深思
1038955173,2018-09-09 19:51,4.5,,,女性,人性表演！值得一看
1038952416,2018-09-09 19:51,0.0,,,女性,不错的电影，多看两遍会更好
1038951700,2018-09-09 19:51,0.5,,,女性,可能我太蠢了  看不懂
1038955149,2018-09-09 19:50,4.0,,,男性,vvvv反反复复
1038960344,2018-09-09 19:49,2.5,,,男性,一般吧，不是很好
1038960338,2018-09-09 19:49,3.0,,,女性,这个剧情有点扯
1038961253,2018-09-09 19:49,4.0,,,女性,支持下，喜欢黄渤
1038960323,2018-09-09 19:48,5.0,,,女性,压抑，沉闷……
1038960311,2018-09-09 19:48,5.0,,,女性,值得一看，赞👍
1038955125,2018-09-09 19:47,3.0,,,女性,一般般 没有想象中那么好 演技在线
1038961164,2018-09-09 19:45,5.0,,,女性,很好。很好。很好
1038960206,2018-09-09 19:44,5.0,,,女性,好很好非常好
1038952344,2018-09-09 19:44,4.5,,,女性,电影不错，值得深思，希望再接再厉加油黄导
1038952324,2018-09-09 19:43,5.0,,,女性,还可以的哦哦
1038961088,2018-09-09 19:41,5.0,,,女性,很有故事的一个  强烈推荐
1038960090,2018-09-09 19:39,1.0,,,女性,差评差评差评
1038961026,2018-09-09 19:39,5.0,,,女性,作为娱乐圈公认的情商高的男人 黄渤老师八年磨一剑 由演员到导演的跨度转变。很赞👍
1038961023,2018-09-09 19:39,5.0,,,女性,贼好看棒棒哒
1038865604,2018-09-09 19:38,5.0,,,女性,好很好非常好
1038958992,2018-09-09 19:38,5.0,,,女性,考虑考虑厉害👍
1038958981,2018-09-09 19:37,5.0,,,女性,艺兴演的很好啊，继续努力努力再努力
1038952270,2018-09-09 19:37,2.5,,,女性,一般般 还行吧
1038958933,2018-09-09 19:36,5.0,,,女性,非常好看。😍
1038957990,2018-09-09 19:35,3.5,,,女性,挺搞笑的，也对人性一个很好的阐述！
1038957953,2018-09-09 19:34,3.5,,,女性,一般吧，故事情节很慢，黄渤也没那么好笑了
1038958876,2018-09-09 19:34,3.5,,,女性,还好还好..
1038957947,2018-09-09 19:34,4.5,,,男性,一般吧。。。
1038957926,2018-09-09 19:33,5.0,,,女性,好  太好看了
1038889206,2018-09-09 19:31,4.0,,,女性,奔着黄渤去的，本以为是十分搞笑的，看到后虽有搞笑但是不是很多笑点。里边的教育意义挺大。结尾有点仓促。
1038952220,2018-09-09 19:31,4.0,,,女性,题材不错，也反应当今社会的一些问题。
1038957875,2018-09-09 19:31,4.0,,,女性,我觉得还可以吧
1038947958,2018-09-09 19:31,3.0,,,女性,看电影过程中有点卡
1038958791,2018-09-09 19:31,4.5,,,女性,不错，挺有意思
1038957860,2018-09-09 19:30,5.0,,,女性,挺好的，喜欢。
1038957856,2018-09-09 19:30,4.0,,,男性,有点乱跑什么啊，
1038951484,2018-09-09 19:29,2.5,,,女性,一般吧  剧情不是很精彩
1038957797,2018-09-09 19:28,5.0,,,女性,真的是一出好戏，各种剧情线复杂却又逻辑分明，，向我们展示了混沌走向秩序的过程，也展示了复杂的人性关系。
1038952184,2018-09-09 19:28,5.0,,,女性,可以可以的～～～～～～～
1038958693,2018-09-09 19:27,5.0,,,男性,非常好。。。
1038951459,2018-09-09 19:27,2.5,,,女性,不好看，后悔
1033847997,2018-09-09 19:27,5.0,,,女性,好看的不得了
1038951453,2018-09-09 19:26,5.0,,,女性,确实不错，黄渤，张艺兴都挺出彩
1038947919,2018-09-09 19:26,4.0,,,女性,凑乎吧凑乎吧
1038957712,2018-09-09 19:25,5.0,,,女性,不错不错不错
1038957709,2018-09-09 19:25,5.0,,,女性,真是一出好戏
1038958616,2018-09-09 19:24,5.0,,,女性,好看，启发很大
1038946731,2018-09-09 19:24,5.0,,,女性,没有想像中的喜剧效果，但也算不错了，拍出了人性的自私、贪婪、和友爱，小绵羊张艺兴的演技不错呢，有进步，不是只能演善良的小鲜肉，也能演反派呢
1038958607,2018-09-09 19:24,5.0,,,女性,不错哦             。。
1038957693,2018-09-09 19:24,5.0,,,女性,不错，，，，
1038951430,2018-09-09 19:24,5.0,,,女性,非常好看支持
1038958587,2018-09-09 19:23,4.5,,,女性,反应一定的社会现象，蛮不错的
1038958571,2018-09-09 19:23,3.5,,,女性,没想象中那么搞笑
1038952132,2018-09-09 19:23,5.0,,,女性,真的是一出好戏 很烧脑
1038958547,2018-09-09 19:22,5.0,,,女性,最喜欢黄渤排的电影了
1038958545,2018-09-09 19:22,4.5,,,女性,还不错，比期待的要好
1038951399,2018-09-09 19:21,5.0,,,女性,没有想象的那么好看。
1038947834,2018-09-09 19:18,5.0,,,女性,好看好看好看好看
1038947833,2018-09-09 19:18,5.0,,,女性,很不错的电影，很喜欢
1038957527,2018-09-09 19:17,4.5,,,女性,电影挺好看的，尤其是屏幕够大
1038958385,2018-09-09 19:16,4.5,,,女性,挺好看。不心动
1038957504,2018-09-09 19:16,5.0,,,女性,感觉还可以的
1038958373,2018-09-09 19:16,5.0,,,男性,感觉这部电影就是映射人性
1038947790,2018-09-09 19:15,5.0,,,女性,好看，紫薯布丁
1038889185,2018-09-09 19:15,5.0,,,女性,没见过开始，还是买错了了票，哈哈哈哈
1038947789,2018-09-09 19:15,5.0,,,女性,看出了人性。
1038952038,2018-09-09 19:14,2.0,,,女性,看到睡着了，无语
1038957442,2018-09-09 19:14,5.0,,,男性,不错不错，很不错
1038957412,2018-09-09 19:13,5.0,,,女性,非常好，好，好
1038951296,2018-09-09 19:13,5.0,,,女性,经典影片，值得推荐
1038957396,2018-09-09 19:13,5.0,,,女性,好看 支持😊
1038957349,2018-09-09 19:11,0.5,,,女性,不好看，一点意思没有
1038957336,2018-09-09 19:11,0.5,,,女性,对不起给差评不是因为电影是因为我没法儿去看还不能退( ･᷄ὢ･᷅ )
1038957299,2018-09-09 19:09,4.0,,,女性,逻辑性比较强，有点无厘头，讽刺性也比较大
1038944988,2018-09-09 19:09,5.0,,,男性,很不错的电影
1038957276,2018-09-09 19:09,5.0,,,女性,一部直击人心的电影。
1038951222,2018-09-09 19:09,4.5,,,男性,有点意思的电影 不同寻常的思路 演员搭配也还不错 每个人的性格刻画的也都挺到位 黄渤可以是一个好的演员 也可以是个好导演
1038951196,2018-09-09 19:07,4.5,,,女性,好看，值得体验
1038957211,2018-09-09 19:06,5.0,,,女性,还不错，很喜欢黄渤
1038958077,2018-09-09 19:06,5.0,,,女性,很好，，，，
1038951181,2018-09-09 19:05,4.0,,,女性,支持渤哥！！
1038957166,2018-09-09 19:05,4.5,,,女性,看不懂就是瞎乐😂😂支持黄渤
1038958016,2018-09-09 19:04,5.0,,,男性,特别的漂流记
1038944915,2018-09-09 19:02,5.0,,,女性,呵呵嘿度还是
1038954866,2018-09-09 18:59,4.5,,,女性,我的凡凡是超级帅
1038954845,2018-09-09 18:58,5.0,,,女性,挺好看的希望大家去看
1038947587,2018-09-09 18:58,5.0,,,女性,好看好看好好看
1038944873,2018-09-09 18:58,5.0,,,女性,还不错   没有哲理
1038953936,2018-09-09 18:58,4.0,,,女性,还好吧，值得深思
1038954793,2018-09-09 18:57,3.5,,,女性,很现实，很残酷
1038947561,2018-09-09 18:57,5.0,,,女性,♡6、一出好戏
1038953890,2018-09-09 18:57,4.5,,,女性,喜欢 感觉不错
1038947555,2018-09-09 18:56,5.0,,,女性,好影片值得一看
1038953871,2018-09-09 18:56,4.0,,,女性,一部很现实的片子
1038947547,2018-09-09 18:56,4.5,,,女性,太棒了，都不想散场了
1038951067,2018-09-09 18:55,1.0,,,女性,我都没印象了
1038954729,2018-09-09 18:55,5.0,,,男性,很好看都去看看
1038951056,2018-09-09 18:55,4.5,,,男性,很好看，值得思考的一部电影
1038954675,2018-09-09 18:53,4.5,,,女性,喜欢 出乎意料的好
1038947497,2018-09-09 18:51,5.0,,,女性,不错，挺好看的。
1038954597,2018-09-09 18:50,5.0,,,男性,好看……………………
1038953659,2018-09-09 18:48,5.0,,,女性,好看的 好看哦
1038953634,2018-09-09 18:47,5.0,,,女性,张艺兴很帅啊啊啊！
1038954522,2018-09-09 18:47,5.0,,,女性,很幽默，很有意义！
1038954518,2018-09-09 18:47,1.0,,,女性,人性的讽刺，但太简单粗暴
1038947450,2018-09-09 18:46,5.0,,,女性,不错，黄渤的导演处女座，以后还会更好
1038947440,2018-09-09 18:46,5.0,,,女性,好看，真的好看。
1038947442,2018-09-09 18:46,5.0,,,女性,好看。。。。
1038947433,2018-09-09 18:45,5.0,,,女性,可以的还不错
1038943927,2018-09-09 18:44,4.5,,,男性,就是现实版的一场好戏
1038954452,2018-09-09 18:44,5.0,,,女性,整体挺好看，人性的弱点，看的很压抑
1038954448,2018-09-09 18:44,5.0,,,女性,小绵羊果然是演技派
1038944690,2018-09-09 18:43,5.0,,,女性,好看，搞笑的一群人
1038954437,2018-09-09 18:43,5.0,,,女性,不错呵呵呵呵
1038954427,2018-09-09 18:43,1.5,,,男性,想表达启发的东西和视听语言不成正比
1038944671,2018-09-09 18:41,5.0,,,女性,《一出好戏》真正可谓是一出好戏！
1038954331,2018-09-09 18:39,5.0,,,女性,艺兴的演技很棒，很有感觉！
1038954311,2018-09-09 18:39,0.5,,,女性,特别无聊，花了钱没看的好看的，好不爽。
1038947367,2018-09-09 18:38,5.0,,,女性,良心巨作！特别喜欢！每个人都演技爆棚！看完后更深刻的思考人生！
1038954277,2018-09-09 18:38,5.0,,,女性,好看极了，哈哈
1038944628,2018-09-09 18:38,5.0,,,女性,黄渤的处女座  但是特别的好看  完胜在8.10这一天一同上映的电影  最洗脑就算最好舞台  但这歌还挺好听的哈哈哈哈    好评   满分   棒棒棒 👏👏👏
1038943814,2018-09-09 18:37,5.0,,,女性,感觉，还可以吧
1038953287,2018-09-09 18:35,4.0,,,女性,一般般，故事情节不是很好！逻辑性不强
1038954189,2018-09-09 18:34,5.0,,,女性,支持我们小兴😄😄
1038953245,2018-09-09 18:33,5.0,,,女性,影片挺好看的
1038889118,2018-09-09 18:32,4.0,,,女性,还不错，很有启迪性
1038953198,2018-09-09 18:32,5.0,,,女性,还行吧。。。
1038954097,2018-09-09 18:31,5.0,,,女性,很不错的一个电影。完美的体现了人性
1038954066,2018-09-09 18:30,5.0,,,女性,好看的不得浪的
1038954029,2018-09-09 18:29,4.0,,,男性,挺好的，不错，可以了还行吧
1038944510,2018-09-09 18:29,5.0,,,女性,好！演技不错 剧情不错
1038953087,2018-09-09 18:28,3.5,,,女性,导演处女作来说 是个很不错的电影了。如果导演能在故事节奏上再深入紧凑些 会更好
1038950994,2018-09-09 18:28,3.5,,,女性,没有想象得那么好看，不是太值得去电影院看一场 浪费时间
1038953046,2018-09-09 18:27,4.5,,,女性,有点恐怖…很震撼
1038943678,2018-09-09 18:25,0.5,,,男性,喜欢的众多明星都在，也支持黄渤。但是实在很难看
1038947178,2018-09-09 18:25,3.0,,,女性,结局有点烂尾
1038943676,2018-09-09 18:25,3.5,,,女性,好看，很不错，推荐看一下
1038943667,2018-09-09 18:24,5.0,,,女性,还可以，比较有意思
1038947167,2018-09-09 18:24,4.0,,,男性,剧情一般般，没有超出预期的好。
1038950886,2018-09-09 18:24,5.0,,,女性,还行吧！！！！！
1038949921,2018-09-09 18:23,3.0,,,男性,荒岛求生。揭露人性在不同位置的善与恶。
1038943658,2018-09-09 18:23,5.0,,,女性,让我有了女朋友
1038949908,2018-09-09 18:23,5.0,,,男性,好呵呵哈哈哈
1038950836,2018-09-09 18:22,5.0,,,女性,好看。可以的。支持！
1038943625,2018-09-09 18:21,0.5,,,女性,还喜居一点笑点都没有
1038944412,2018-09-09 18:21,5.0,,,女性,从预告就开始期待的电影，真真是人生如戏，多珍惜
1038949847,2018-09-09 18:21,5.0,,,女性,很好看啊，作为一个文科生感觉看到了一个浓缩版的人类发展史
1038943601,2018-09-09 18:19,3.5,,,女性,还可以吧😄
1038943593,2018-09-09 18:18,3.5,,,男性,一般吧，没什么亮点，这分是给黄渤和舒淇的
1038943585,2018-09-09 18:18,5.0,,,男性,电影可圈可点的有很多，演员演技都在线，我觉得镜头的两次反转也有含义，正片与预告呈现出不同的感觉，它完完整整的说明了两个字，人性。影片中有很多笑点，看完电影后更多的是思考，人性善恶，世事百态，面对事物又需要不同的抉择，展现了社会的演变，借用蜥蜴的眼睛来看人性，岛上生活的真真假假，之前预告放的“冰淇淋”也是一重点，太美好而不想让它化掉。影片中的特效真的很牛掰了，巨浪和鲸真的特别逼真。虽然在看电影前就知道小兴会黑化，但看到时还是忍不住深吸一口气，我觉得那眼神我一辈子也不会忘。在马进和齐大姐谈话时，林中突然出现小兴的身影，也是让我心中一惊。一开始毫不起眼，到后来完全展示出自己的欲望。
1038949731,2018-09-09 18:17,5.0,,,女性,套路深 对于黄渤有点期望过高吧
1038949725,2018-09-09 18:17,3.5,,,男性,还不错还不错
1038944355,2018-09-09 18:16,4.5,,,女性,没看懂，但挺好看，人性啊
1038949702,2018-09-09 18:16,5.0,,,男性,二刷！真滴好看
1038947097,2018-09-09 18:16,5.0,,,女性,好看，非常好看，精彩！！
1038949695,2018-09-09 18:16,5.0,,,男性,还他么可以吧
1038950634,2018-09-09 18:16,4.5,,,女性,还不错 每个人的感受不一样吧
1038950624,2018-09-09 18:15,5.0,,,女性,好看！好看！
1038947082,2018-09-09 18:15,1.5,,,男性,太假，不好看
1038857528,2018-09-09 18:15,5.0,,,女性,好看真的不错
1038882210,2018-09-09 18:14,2.5,,,女性,整个影片看下来没有什么让人记住的东西。没有想象中那么好看
1038949625,2018-09-09 18:13,3.0,,,女性,觉得很一般，故事讲的不够好听
1038949614,2018-09-09 18:13,2.5,,,男性,没啥意思！看了开头就猜到接下来的剧情
1038949559,2018-09-09 18:11,2.5,,,女性,就那样吧  脑洞很大
1038944304,2018-09-09 18:11,4.5,,,男性,好看的电影啊
1038950513,2018-09-09 18:11,5.0,,,女性,好看😊有意思
1038949529,2018-09-09 18:10,5.0,,,女性,好爱张艺兴   骄傲  努力努力再努力
1038950492,2018-09-09 18:10,5.0,,,女性,还不错   挺有感染力的
1038947001,2018-09-09 18:09,4.0,,,女性,电影很好看  内容不错
1038950448,2018-09-09 18:08,4.5,,,女性,讲述了一群人遇险荒岛的故事
1038857519,2018-09-09 18:08,5.0,,,女性,值得人让人思考人性的一部影片，国产片里难得有内涵的电影
1038949448,2018-09-09 18:08,5.0,,,女性,很好看，，，
1038949447,2018-09-09 18:08,5.0,,,女性,给或美或丑的人性10分。
1038950412,2018-09-09 18:07,5.0,,,女性,挺好看的，不错
1038950410,2018-09-09 18:07,5.0,,,女性,一出好戏真的牛逼！剧本一流，国产良心，以后要叫黄导了，好几个镜头绝美，反转没有驴得水那份厚重感，刻画人性没有韩国电影那么恶心，黄渤告诉我什么tm的叫做tm 的一出好戏，粉了黄渤！！！！
1038949364,2018-09-09 18:06,0.5,,,男性,看完就分手了，都怪本泽马！
1038949352,2018-09-09 18:06,1.0,,,女性,我觉得不是太好看
1038949335,2018-09-09 18:05,5.0,,,女性,整个过程的大反转很惊喜，艺兴的表现更惊喜！
1038938949,2018-09-09 18:04,5.0,,,女性,这部电影真的好看，看前面的时候还和闺蜜讨论，张艺兴应该演一个切开黑的，结果马上就来了，演技有渤哥把着真的提高了很多哦，这部电影真的细思极恐啊，反正作为黄渤的处女作是非常棒棒的了
1038943391,2018-09-09 18:04,3.0,,,女性,还可以，太压抑了
1038950281,2018-09-09 18:03,5.0,,,女性,很多细思恐极的东西，很好看。看完觉得到底谁才是精神病患者，或许每个人都有问题吧。
1038938933,2018-09-09 18:03,4.5,,,女性,好看好看好看
1038938932,2018-09-09 18:03,5.0,,,女性,超好看，我家艺兴真棒
1038949281,2018-09-09 18:03,5.0,,,女性,心情跟着故事情节走，开始很压抑结局还好😊
1038949264,2018-09-09 18:02,5.0,,,男性,不错，后半部很动人
1038944196,2018-09-09 18:02,5.0,,,女性,还可以吧，就那样
1038950247,2018-09-09 18:02,4.5,,,男性,一场发人深思的电影
1038944190,2018-09-09 18:01,4.0,,,女性,还不错吧，有点令人发醒
1038938910,2018-09-09 18:01,3.0,,,男性,还行吧 一般般
1038950202,2018-09-09 18:00,4.5,,,女性,可以可以不错
1038938884,2018-09-09 17:59,4.0,,,男性,张艺兴最后的黑化看得我好兴奋
1038949171,2018-09-09 17:59,4.5,,,女性,好看，很有意思
1038950131,2018-09-09 17:58,5.0,,,女性,超好看，很有意义
1038944141,2018-09-09 17:58,3.5,,,男性,一般般的啦，没想象的好
1038949138,2018-09-09 17:58,5.0,,,男性,好看哈哈哈哈
1038950118,2018-09-09 17:58,3.0,,,女性,剧情觉得扯，突出人性吧人物黑化太突然
1038943314,2018-09-09 17:57,5.0,,,女性,不错好看    还可以
1038944118,2018-09-09 17:56,5.0,,,女性,挺好看的😊
1038949099,2018-09-09 17:56,5.0,,,女性,非常好看很值
1038943306,2018-09-09 17:56,5.0,,,女性,好看。。。。
1038950051,2018-09-09 17:56,4.0,,,女性,没有黄渤以前拍的好看了，幽默少了点，但是深度还不错～
1038949078,2018-09-09 17:56,2.5,,,男性,总以为是一部喜剧，结果却是一部哲理剧。
1038950040,2018-09-09 17:55,3.0,,,女性,还算好吧 一般
1038943289,2018-09-09 17:55,5.0,,,女性,很不错!!!
1038949046,2018-09-09 17:54,5.0,,,男性,国产电影现在有很多用心又有意义的电影了。欣慰
1038949038,2018-09-09 17:54,5.0,,,男性,还蛮好看的，比很多电影强了
1038944066,2018-09-09 17:53,4.0,,,女性,剧情太老套，没有亮点可惜了黄勃
1038946988,2018-09-09 17:52,5.0,,,女性,天上掉鱼的时候我的密集恐惧症……
1038945952,2018-09-09 17:52,4.5,,,女性,很不错，跟有深度的电影  。
1038938795,2018-09-09 17:52,5.0,,,女性,很好看  很好看
1038945934,2018-09-09 17:52,5.0,,,男性,好电影！正儿八经好电影！
1038946972,2018-09-09 17:52,3.0,,,男性,还行吧，没有说的那么感人
1038946971,2018-09-09 17:52,5.0,,,女性,特别好看的的
1038938783,2018-09-09 17:52,4.5,,,女性,好电影，值得去看！
1038938781,2018-09-09 17:51,5.0,,,女性,一般吧…………
1038946957,2018-09-09 17:51,4.5,,,女性,不错，还是值得看的
1038944036,2018-09-09 17:51,5.0,,,男性,很好看必须看
1038944033,2018-09-09 17:51,4.0,,,女性,挺好看的的的哈哈哈
1038938763,2018-09-09 17:50,5.0,,,男性,还想再看一遍
1038946915,2018-09-09 17:50,4.0,,,女性,第一次不错了
1038946904,2018-09-09 17:50,0.5,,,女性,超级不好看，不知说的啥，真失望
1038944006,2018-09-09 17:49,3.5,,,女性,还可以，中途有点看不懂
1038945860,2018-09-09 17:49,4.5,,,男性,不错 很有创意
1038945845,2018-09-09 17:49,4.5,,,女性,黄渤的第一步电影，值得鼓励。剧情还算连贯，故事也有内涵。演员们也比较有实力
1038945818,2018-09-09 17:48,2.5,,,男性,不怎么样……
1038943187,2018-09-09 17:48,5.0,,,女性,好，很好，非常满意！
1038946820,2018-09-09 17:48,3.5,,,女性,可以可以可以
1038946797,2018-09-09 17:47,5.0,,,女性,人之初，性本善，
1038943171,2018-09-09 17:47,5.0,,,女性,好看(｡･ω･｡)ﾉ♡
1038945700,2018-09-09 17:45,4.5,,,女性,就是好看啊…
1038937937,2018-09-09 17:44,5.0,,,女性,因为黄渤所以买的
1038937934,2018-09-09 17:44,4.0,,,女性,一般般啦，觉得很励志
1038938636,2018-09-09 17:43,5.0,,,女性,真的不错，大家都很喜欢看，里面有好多前段都有点喜剧的感觉，感觉时间好快两个小时一会就过去了，还没有看够呢，朋友已经是第二次来看了，都没有看腻，看一次一个味道，评价都很好，网上定票也很方便，以后会经常来看的，大爱！
1038946651,2018-09-09 17:42,4.0,,,女性,张艺兴演技爆棚，最后黑化，不过还好为时不晚
1038943100,2018-09-09 17:42,5.0,,,女性,还行，有点迷糊～
1038946596,2018-09-09 17:41,5.0,,,女性,透露出人的本性
1038946575,2018-09-09 17:40,5.0,,,女性,浮生百态，人心难测。这是一部能让你笑，过后也能品出别的东西的电影。惊喜是张艺兴。值得一看
1038946531,2018-09-09 17:39,1.0,,,男性,可别看，浪费钱...
1038945473,2018-09-09 17:38,5.0,,,女性,好好好好的好
1038943019,2018-09-09 17:37,3.0,,,女性,还可以，加油哦
1038946429,2018-09-09 17:37,5.0,,,女性,挺不错，值得看
1038857471,2018-09-09 17:36,5.0,,,女性,不错，演的好
1038946419,2018-09-09 17:36,5.0,,,女性,张艺兴的演技有突破，值得表扬
1038943009,2018-09-09 17:36,3.5,,,女性,怎么说呢，现在出这个题材感觉不太喜欢，喜剧笑点不是很多，剧情节奏感还不错，整个看完兴趣不是很高
1038943006,2018-09-09 17:36,5.0,,,女性,超级棒！！！！很喜欢！！！    这部电影超级完美！！！ 啊啊啊啊啊……   要语无伦次了………   超级超级好看！！！！！！   相信我！！！！   真的！！！！！！！！！
1038889027,2018-09-09 17:36,4.5,,,女性,感觉还是一般般
1038935000,2018-09-09 17:36,4.0,,,女性,可能是智商有点不够用，所以有点没明白其中的含义😂😂
1038938527,2018-09-09 17:34,5.0,,,女性,有喜感，有泪点
1038945281,2018-09-09 17:32,4.5,,,女性,还可以，黄渤演技真心棒，！
1033873027,2018-09-09 17:32,5.0,,,女性,很好看，很精彩哦
1038857463,2018-09-09 17:32,2.5,,,女性,太长，剧情太拖沓
1038938492,2018-09-09 17:32,5.0,,,女性,很好不错黑色幽默
1038938489,2018-09-09 17:31,4.5,,,女性,还不错，蛮搞笑的
1038945251,2018-09-09 17:31,5.0,,,女性,好看没含糊，
1038945234,2018-09-09 17:30,2.5,,,女性,故事情节挺好的，就是稍微有点乱。
1038946237,2018-09-09 17:30,4.0,,,女性,剧情还行，可能当时没进入状态吧
1038945217,2018-09-09 17:30,5.0,,,女性,非常棒非常棒！演绎出了人生的大起大落、人情冷暖
1038945162,2018-09-09 17:28,5.0,,,女性,有点意思哈哈哈推荐
1038945151,2018-09-09 17:28,4.0,,,男性,整体来说比较好，剧情跌宕起伏，让我看出了黄渤的良苦用心
1038946155,2018-09-09 17:28,5.0,,,女性,看过的都说不错
1038934882,2018-09-09 17:27,5.0,,,男性,支持王宝强👍
1038945087,2018-09-09 17:26,5.0,,,男性,对于人性的刻画非常真实，但人性是经不起考验的，马进的人格形象过于完美
1038945073,2018-09-09 17:26,3.0,,,女性,一般吧，看了心里面不太舒服，人性真的太丑恶了，张艺兴的演技有进步
1038946077,2018-09-09 17:25,4.0,,,女性,还行吧！就是没看太懂！
1038934849,2018-09-09 17:25,5.0,,,男性,非常好看的一部电影，演员技术很高，很现实
1038938372,2018-09-09 17:24,5.0,,,男性,黄渤良心佳作
1038938366,2018-09-09 17:24,3.0,,,女性,剧情很一般，不是很精彩
1038857446,2018-09-09 17:22,5.0,,,女性,挺好看的，值得一看
1038941961,2018-09-09 17:22,5.0,,,女性,好看好看好看
1038941916,2018-09-09 17:21,3.5,,,女性,将就看，期待高了点
1038941914,2018-09-09 17:21,4.0,,,女性,有的地方比较尬
1038934799,2018-09-09 17:20,4.5,,,女性,非常好看好看
1038942882,2018-09-09 17:20,5.0,,,女性,和喜欢的人一起看的哟~~很开心，电影也很好看。艺兴真的进步了很多呀！
1038941877,2018-09-09 17:20,5.0,,,男性,还不错。。。
1038942875,2018-09-09 17:19,4.0,,,女性,该可以吧。。
1038941863,2018-09-09 17:19,5.0,,,女性,好看  反转
1038942839,2018-09-09 17:18,4.0,,,男性,很不错的作品，用模型的方式推演社会关系与人性
1038941819,2018-09-09 17:18,2.5,,,女性,没有什么看点
1038942798,2018-09-09 17:17,4.5,,,男性,黄渤选了难题，答得还行
1038934739,2018-09-09 17:16,5.0,,,男性,有内涵的一部戏
1038937557,2018-09-09 17:16,3.0,,,男性,看完很久之后，无聊补写评，回忆起来没有什么特别的点，简单粗暴的说：尬。
1038941734,2018-09-09 17:16,5.0,,,女性,黄渤出品 必属精品
1038938229,2018-09-09 17:13,5.0,,,女性,好看，大家快来看
1038941643,2018-09-09 17:12,1.0,,,女性,真的不好看，真心真心真心，多说无益
1038857431,2018-09-09 17:12,5.0,,,男性,基本还不错啦
1038942685,2018-09-09 17:12,5.0,,,男性,好看好看一般
1038865375,2018-09-09 17:11,5.0,,,女性,还可以，很搞笑
1038934664,2018-09-09 17:11,5.0,,,女性,电影很好看，影院环境也很好。
1038938194,2018-09-09 17:11,4.5,,,女性,很不错的寓言故事 脑洞大开
1038938190,2018-09-09 17:11,5.0,,,男性,挺好的，挺逗的，而且表露出人性
1038938183,2018-09-09 17:10,5.0,,,女性,挺好看的！！
1038937479,2018-09-09 17:10,5.0,,,女性,好好看 张艺兴好可爱
1038938171,2018-09-09 17:09,3.5,,,女性,不错很好，很喜欢
1038937473,2018-09-09 17:09,5.0,,,男性,很好看，很棒，看过一遍再看一遍
1038941534,2018-09-09 17:09,3.0,,,男性,勉强接受，有点脱离现实
1038937467,2018-09-09 17:09,5.0,,,女性,好看比较满意
1038941528,2018-09-09 17:09,5.0,,,男性,黄渤导演的肯定第一时间支持！！
1038941521,2018-09-09 17:08,5.0,,,男性,很好很好，好看好看
1038942541,2018-09-09 17:08,5.0,,,女性,很喜欢他的电影，很不错
1038941510,2018-09-09 17:08,4.5,,,男性,很不错，有点意思，黄渤确实是国内演员顶级
1038942532,2018-09-09 17:08,5.0,,,女性,值得一看  挺好看的
1038937454,2018-09-09 17:08,4.0,,,男性,不错。值得一看 选对了
1038934593,2018-09-09 17:07,4.5,,,女性,另一种风格和意境，别样的观影感受，很棒！
1038937439,2018-09-09 17:07,5.0,,,女性,棒棒的！！！
1038941424,2018-09-09 17:06,4.0,,,女性,睡过了，，，忘了去，，，
1038938125,2018-09-09 17:05,4.0,,,女性,还行，黄渤不适合做导演
1038941401,2018-09-09 17:05,5.0,,,女性,挺好看！挺好看
1038865362,2018-09-09 17:05,1.0,,,女性,不好看浪费钱。不过电影院环境很高大上
1038937414,2018-09-09 17:04,5.0,,,女性,特别好看的一部爱情电影，爱一个人最后无论怎样都能在一起
1038942404,2018-09-09 17:04,3.0,,,女性,开始的特效好，到了后面的剧情太烂
1038934539,2018-09-09 17:03,5.0,,,女性,黄渤很有才，本片中，人的本性暴露无遗！同时经济学也玩得溜！又体会到螳螂捕蝉 黄雀在后的快感！人的状态从暴力摧毁，再到精神建立，最后梦想统一，过渡自然！最后的反转也出人意料！
1038941362,2018-09-09 17:03,5.0,,,女性,喜剧之星空前繁荣！值得推荐！
1038937390,2018-09-09 17:03,4.0,,,女性,不错，黄渤还是实力派演员。
1038942390,2018-09-09 17:03,5.0,,,女性,很有深度的一部电影
1038942371,2018-09-09 17:02,4.0,,,男性,值得人们反思，不错的电影！
1038938093,2018-09-09 17:02,1.0,,,女性,低级趣味，一点都不好看
1038941319,2018-09-09 17:02,5.0,,,女性,挺好看的，感觉都能学到东西
1038941315,2018-09-09 17:02,4.0,,,男性,八分不能再多了
1038938067,2018-09-09 17:00,4.5,,,女性,很不错的电影
1038937303,2018-09-09 16:56,3.5,,,女性,第一感觉像驴得水。针砭时弊，讽刺当下？有坏人吗？只不过是几个人争夺权力，一群人随波逐流。最单纯的却是被伤害最深的！
1038942153,2018-09-09 16:56,2.5,,,女性,不是很好看看
1038942148,2018-09-09 16:56,5.0,,,女性,人性刻画不错
1038941118,2018-09-09 16:55,5.0,,,男性,人性的黑色喜剧
1038865344,2018-09-09 16:54,0.5,,,女性,不好看，剧情一般
1038937283,2018-09-09 16:54,5.0,,,女性,非常好，很有意思
1038940807,2018-09-09 16:54,5.0,,,女性,挺好看的，挺搞笑的。
1038941094,2018-09-09 16:54,5.0,,,女性,很好很满意，
1038941070,2018-09-09 16:53,4.0,,,女性,没有超过我的预想，还行吧
1038934431,2018-09-09 16:53,4.0,,,女性,每个人的角度不同，思考的内容也不同吧，人性吧，个人觉得不错的题材，不过结局太理想化了，中间的矛盾冲突不够突出
1038937230,2018-09-09 16:51,4.5,,,女性,非常赞，引人深思。
1038940998,2018-09-09 16:50,4.0,,,女性,能发人深省！
1038939976,2018-09-09 16:50,0.0,,,女性,戏太假，没感觉出喜剧的效果.
1038939970,2018-09-09 16:50,5.0,,,男性,很棒的一部电影，继续加油渤哥
1038940954,2018-09-09 16:49,4.0,,,女性,还可以吧～我喜欢黄渤。 看极限挑战喜欢他的。这部电影还不错。
1038931945,2018-09-09 16:48,4.0,,,男性,结局不理想，不懂
1038937185,2018-09-09 16:48,3.5,,,女性,还行~~~揭露一些人性~~~
1038937176,2018-09-09 16:47,5.0,,,女性,好看吗告诉告诉我吧？
1038934347,2018-09-09 16:46,5.0,,,女性,感，觉，还，可，以！
1038857387,2018-09-09 16:46,5.0,,,女性,故事条理不是太清晰
1038931896,2018-09-09 16:45,1.0,,,女性,看不懂什么意思
1038940794,2018-09-09 16:44,5.0,,,女性,非常好看(｡･ω･｡)ﾉ♡
1038931861,2018-09-09 16:42,5.0,,,女性,好的，不错，挺好的！
1038937123,2018-09-09 16:42,5.0,,,女性,好看好看好看
1038823949,2018-09-09 16:42,4.5,,,女性,停电，，，，，，，，
1038940703,2018-09-09 16:40,4.5,,,男性,挺好看的，有意思
1038939654,2018-09-09 16:38,5.0,,,女性,特别棒!特别好看!
1038939644,2018-09-09 16:38,4.0,,,女性,好看好好看，喜欢黄渤的演技
1038931783,2018-09-09 16:37,3.5,,,女性,一直在岛上！！
1038939602,2018-09-09 16:37,2.5,,,女性,一般吧→_→
1038931768,2018-09-09 16:35,5.0,,,女性,就是一出好戏
1038939560,2018-09-09 16:35,4.5,,,女性,挺好的，这就是人性
1038940435,2018-09-09 16:31,5.0,,,女性,冲着黄渤去的
1038927981,2018-09-09 16:31,5.0,,,女性,看电影使我脱单。好评。
1038927969,2018-09-09 16:29,4.5,,,男性,很好看，黄渤没有让我失望
1038927968,2018-09-09 16:29,5.0,,,男性,还是很好看的。人机都非常的炸裂。
1038927966,2018-09-09 16:29,2.0,,,女性,影片很赞 就是没有空调 太热
1038931678,2018-09-09 16:28,4.0,,,女性,很有意思，特别的好。
1038939370,2018-09-09 16:28,4.5,,,女性,笑点不是很多，冲着演员去的
1038931667,2018-09-09 16:28,5.0,,,女性,很好看！！！
1038934116,2018-09-09 16:27,5.0,,,女性,看了好几次电影了，好看，好评好评好评
1038940281,2018-09-09 16:26,3.0,,,女性,还行，就那样。
1038939272,2018-09-09 16:25,3.0,,,女性,有点无趣     开始还认为真的是一出好戏
1038939271,2018-09-09 16:25,2.5,,,女性,结尾很没趣，整个过程都是在激动中冒险中
1038939263,2018-09-09 16:25,4.5,,,女性,我觉得挺好看的
1038934088,2018-09-09 16:25,5.0,,,女性,没有让我失望
1038934063,2018-09-09 16:23,0.5,,,女性,没意思！！！！
1038939194,2018-09-09 16:22,5.0,,,女性,还可以，推荐去看
1038940175,2018-09-09 16:21,5.0,,,女性,张艺兴在里面儿有点儿坏。
1038931562,2018-09-09 16:18,5.0,,,男性,人性只有在最真的环境下暴露，丑陋在阳光下终究白白
1038927823,2018-09-09 16:18,5.0,,,女性,很好看很好看
1038940037,2018-09-09 16:17,3.5,,,女性,张艺兴蛮惊讶的，故事有点意思但还比较表面。
1038927808,2018-09-09 16:16,4.5,,,女性,还不错，推荐一下
1038927802,2018-09-09 16:15,3.0,,,女性,一般般 真的一般般
1038857335,2018-09-09 16:15,5.0,,,男性,可以吧！！！！！
1038939018,2018-09-09 16:15,4.5,,,女性,burger导的电影很有深意哦，算是我这个假期看的最好的一个电影啦，赞！
1038935999,2018-09-09 16:14,4.5,,,女性,人性的显示，淋漓尽致
1038936938,2018-09-09 16:13,5.0,,,女性,好看 好看好看
1038935951,2018-09-09 16:12,5.0,,,女性,好看，特别有意义
1038936926,2018-09-09 16:12,2.0,,,女性,不知道为什么那么多人好评，看的快睡着了，好多逻辑漏洞，强行洗白，不是我喜欢的类型，还没有快把我哥带走好看
1038936915,2018-09-09 16:12,5.0,,,女性,好看，非常喜欢，很精彩。
1038927760,2018-09-09 16:12,5.0,,,男性,老黄的 还行………………………
1038935928,2018-09-09 16:11,2.0,,,女性,电影没毛病！有毛病的是一个国际影城一张票价43元！所谓的VIP8厅！愣是不开空调，两个多小时的电影里面是一边汗蒸一边看电影！
1038935904,2018-09-09 16:10,5.0,,,女性,挺好看的，有教育意义，很刻骨的去剖析人的本性
1038936835,2018-09-09 16:09,3.5,,,女性,一般，凑合看
1038936789,2018-09-09 16:08,5.0,,,男性,演技是很好，可是可能剧情不是我喜欢的类型
1038931438,2018-09-09 16:07,5.0,,,女性,很有创意的电影，演员演得都很好
1038936760,2018-09-09 16:06,5.0,,,男性,搞笑，非常搞笑
1038931432,2018-09-09 16:06,4.5,,,男性,考验人性的一场电影。不错
1038857323,2018-09-09 16:06,5.0,,,女性,好看不错，挺好
1038927679,2018-09-09 16:06,5.0,,,女性,从头笑到尾😏
1038935780,2018-09-09 16:06,4.5,,,女性,挺好看，不过是自己一个人看的，有些遗憾。
1038927673,2018-09-09 16:05,4.5,,,女性,非常走心的一部电影
1038936684,2018-09-09 16:04,3.0,,,女性,太小了，电影还剩十分钟就有工作人去收拾卫生，服务态度不太好，一进电影院全是厕所的味道，环境差，电影还不错
1038931410,2018-09-09 16:04,0.5,,,女性,陪爸爸去看的  我爸已经好久没看过电影了  我的注意力在睡觉上  感觉这个电影体现的主题不是特别的吸引人  自身感觉电影一般  没有超过导演本人别人对他的期待
1038936683,2018-09-09 16:04,4.0,,,女性,还可以的啦，
1033653035,2018-09-09 16:03,2.0,,,男性,不好看垃圾电影
1038936669,2018-09-09 16:03,5.0,,,女性,好看好看好看
1038936662,2018-09-09 16:03,4.0,,,女性,看着还可以。有点长
1038931382,2018-09-09 16:02,4.0,,,女性,挺好的，很喜欢。
1038931336,2018-09-09 15:57,4.0,,,女性,本片，趣味性不多，但教育意义深刻，很人深思，又是很现实，又是却有些童话色彩，整体比较积极向上，但娱乐性不足，可以考虑增加一些搞笑，娱乐方面的东西。本片整体还是比较低沉。
1038936482,2018-09-09 15:57,5.0,,,女性,支持 以后还会关注的
1038936466,2018-09-09 15:56,5.0,,,女性,不错   感觉还好
1038935548,2018-09-09 15:56,0.0,,,女性,15.40的电影，到四点还没有检票，退也不让退，再也不来了！
1038936450,2018-09-09 15:56,4.0,,,男性,有点乱，太生硬
1038927562,2018-09-09 15:55,5.0,,,男性,一般吧，不算太好看
1038935485,2018-09-09 15:53,4.0,,,男性,还可以，但是一般人看不懂
1038936364,2018-09-09 15:52,4.0,,,女性,需要思考才能明白
1038935458,2018-09-09 15:52,4.5,,,女性,值得一看的好电影，危急时刻，人性的各种状态体现的淋漓尽致！
1038927511,2018-09-09 15:49,5.0,,,男性,特别特别特别特别喜欢
1038925715,2018-09-09 15:49,5.0,,,女性,好看。特别是渤哥。超级喜欢
1038927502,2018-09-09 15:48,5.0,,,男性,好看好看好看
1038935355,2018-09-09 15:47,5.0,,,女性,看不懂的请自行微博
1038927489,2018-09-09 15:47,4.0,,,女性,好，，，，，
1038935329,2018-09-09 15:47,5.0,,,男性,好，有点像李安某部片子
1038936225,2018-09-09 15:47,4.5,,,女性,人生如戏，戏如人生！！！
1038931233,2018-09-09 15:47,4.0,,,男性,不错，挺好看
1038936209,2018-09-09 15:46,5.0,,,女性,比想象中的好看 看了爱情公寓 一对比爱情公寓太不走心了 期待真正的爱情公寓吧 而不是骗人的
1038936210,2018-09-09 15:46,5.0,,,女性,一切皆为人性
1038936199,2018-09-09 15:46,2.5,,,女性,看了20分钟，退场了。
1038925629,2018-09-09 15:42,5.0,,,女性,感触颇深……
1038935209,2018-09-09 15:41,3.0,,,女性,整体感觉得一般
1038936076,2018-09-09 15:41,5.0,,,男性,新华大街大家觉得怎么样
1038935197,2018-09-09 15:41,5.0,,,男性,评论必须填写
1038931172,2018-09-09 15:40,5.0,,,女性,好看，跟朋友一块去的
1038935189,2018-09-09 15:40,4.5,,,女性,这部电影很好看！
1038935145,2018-09-09 15:39,3.0,,,女性,故事减单，无语。
1038931133,2018-09-09 15:37,5.0,,,女性,很棒哦，支持！
1038865242,2018-09-09 15:37,4.0,,,女性,不错不错 很好看啊
1038933957,2018-09-09 15:36,4.5,,,女性,值得一看，张艺兴黑化的演技倒是出乎意料，原以为会有点尬，结果还挺好。渤哥演技更不用说～舒淇女神越看越美丽了。
1038933918,2018-09-09 15:34,1.0,,,女性,题材很普通，枯燥无味
1038932984,2018-09-09 15:32,2.5,,,男性,个人感觉剧情有点干
1038927319,2018-09-09 15:32,5.0,,,女性,不错，很现实，喜欢
1038932962,2018-09-09 15:31,4.0,,,女性,比较好看，值得一看。
1038927305,2018-09-09 15:31,4.5,,,女性,挺好看的，不错
1038927304,2018-09-09 15:31,3.5,,,女性,还不错。。。。。。
1038927301,2018-09-09 15:30,4.5,,,女性,emmmm细思极恐啊
1038925488,2018-09-09 15:29,4.0,,,女性,和驴得水同样类型的片子、具有讽刺性、很有深意
1038925485,2018-09-09 15:29,4.0,,,女性,剖析人性的喜剧，环境改变人，从另一角度在诠释管理的重要性和技巧。。。
1038931052,2018-09-09 15:28,5.0,,,女性,非常喜欢。艺兴的演技炸裂
1038932881,2018-09-09 15:28,4.0,,,女性,跳起来 尽情的摇摆，到未来
1038927272,2018-09-09 15:27,4.0,,,女性,还不错，挺好的。
1038925469,2018-09-09 15:27,4.5,,,女性,不错，挺有看头的
1038932872,2018-09-09 15:27,4.5,,,女性,还行，吧，。
1038932842,2018-09-09 15:26,5.0,,,女性,不错的片子，看到了黄渤的努力
1038931011,2018-09-09 15:24,5.0,,,女性,引人深思    ！！
1038933666,2018-09-09 15:24,4.0,,,女性,内容真实深刻，演技在线
1038925436,2018-09-09 15:23,0.5,,,女性,超级不好看，
1038933656,2018-09-09 15:23,4.5,,,女性,良心之作，电影情节及演员自我修养都是让人印象深刻的！！！
1038932783,2018-09-09 15:23,5.0,,,女性,好看！！！！
1038823842,2018-09-09 15:22,5.0,,,女性,很不错的电影
1038932759,2018-09-09 15:22,4.0,,,女性,很意外，还挺好看的，考验了人性
1038932753,2018-09-09 15:22,4.0,,,男性,还可以，与理想的有点差距
1038932743,2018-09-09 15:21,5.0,,,女性,很好看，超喜欢黄渤
1038933594,2018-09-09 15:20,2.0,,,女性,不算是很好看，
1038932722,2018-09-09 15:20,2.5,,,女性,太一般，编剧太糊弄
1038932719,2018-09-09 15:20,5.0,,,女性,超级好看！！！渤哥诚不欺我！！！
1038933578,2018-09-09 15:20,2.5,,,女性,只能说我不喜欢这种影片吧，感觉男主超级大男子主义特别是他对女主说“你们女的就是方便啊‘’而且影片中途看的我都要睡着了。
1038925380,2018-09-09 15:19,4.5,,,女性,不错哦，值得一看
1038933549,2018-09-09 15:19,4.5,,,女性,好看好看好看
1038932628,2018-09-09 15:16,5.0,,,女性,好看好看好看
1038932615,2018-09-09 15:15,5.0,,,女性,值得一看强力推荐
1038933407,2018-09-09 15:13,4.0,,,女性,觉得一般！有点看不懂！
1038933406,2018-09-09 15:13,5.0,,,男性,环境，各方面都很好，我很喜欢！！！！
1038932535,2018-09-09 15:12,4.0,,,男性,拍的一般吧，看着有点睡着了，前面可以后面没看
1038817950,2018-09-09 15:12,5.0,,,女性,没看成 女朋友生气了
1038933352,2018-09-09 15:11,5.0,,,男性,很好值得一看
1038922847,2018-09-09 15:09,4.0,,,女性,呵呵，一般个好看吧
1038925272,2018-09-09 15:09,5.0,,,女性,很不错，渤哥的电影必须要支持，表白艺兴
1038932415,2018-09-09 15:07,4.0,,,女性,黄渤挺搞笑的
1038932409,2018-09-09 15:07,4.5,,,女性,还行吧，人性的缺失。。。
1038933247,2018-09-09 15:06,5.0,,,男性,嗯。。。。好
1038932387,2018-09-09 15:06,4.0,,,女性,很不错。黄渤出品，必属精品。
1038927046,2018-09-09 15:05,5.0,,,女性,超好看~推荐推荐喜欢黄渤
1038932325,2018-09-09 15:03,5.0,,,男性,满意。。。。
1038925214,2018-09-09 15:03,3.0,,,女性,还行。。。。？
1038925204,2018-09-09 15:02,4.0,,,女性,还不错，剖析人性
1038925195,2018-09-09 15:01,5.0,,,女性,😂定票的时间错了，但是还是好评吧！
1038823804,2018-09-09 15:00,5.0,,,女性,不错 可以去看看。
1038919997,2018-09-09 15:00,3.5,,,女性,个人感觉还可以。
1038865190,2018-09-09 14:58,3.5,,,男性,这不能算是喜剧吧
1038932201,2018-09-09 14:57,5.0,,,女性,这部电影很好看！
1038933053,2018-09-09 14:57,3.0,,,男性,还行，没啥笑点。
1038933020,2018-09-09 14:56,5.0,,,女性,好看！张艺兴演技炸裂！
1038930000,2018-09-09 14:56,4.5,,,女性,黄渤的作品真的不负众望，真的挺不错的就是剧情感觉太满了
1038925137,2018-09-09 14:56,5.0,,,女性,可以的   看的时候我睡着了
1038932134,2018-09-09 14:55,5.0,,,女性,人性原本如此。终于看到有深度的国产电影了
1038932109,2018-09-09 14:54,5.0,,,女性,喜欢黄渤的话一定要来看看
1038929904,2018-09-09 14:52,5.0,,,男性,强烈推荐大家去看
1038932045,2018-09-09 14:52,5.0,,,女性,超好看，超好看
1038932031,2018-09-09 14:51,4.5,,,女性,还可以啊感觉很真实
1038925071,2018-09-09 14:50,5.0,,,女性,一直喜欢黄渤，这次他自导自演，情节好，体现出了人性，还值得看
1038929861,2018-09-09 14:49,5.0,,,女性,好看  不错  喜欢黄渤老师演的电影
1038922655,2018-09-09 14:49,5.0,,,女性,喜欢 不错不错
1038929842,2018-09-09 14:49,5.0,,,女性,完美这剧，火了
1038928966,2018-09-09 14:48,5.0,,,女性,还不错  演员表演的好  值得回味
1038925040,2018-09-09 14:48,4.0,,,男性,这个环境设定我觉得还不错
1038925037,2018-09-09 14:48,5.0,,,女性,挺好的，满意
1038929794,2018-09-09 14:46,3.0,,,女性,结尾不是理想中的样子
1038929772,2018-09-09 14:45,4.0,,,男性,算是一出好戏
1038922607,2018-09-09 14:45,3.0,,,男性,没有期待的效果
1038928891,2018-09-09 14:45,0.0,,,女性,一般不太精彩
1038925009,2018-09-09 14:45,5.0,,,男性,很好 挺好看的
1038929721,2018-09-09 14:43,5.0,,,女性,好评！！！！
1038918000,2018-09-09 14:43,4.0,,,女性,还不错，挺真实的反映出了人性
1038929713,2018-09-09 14:43,3.5,,,男性,还行吧，不是强烈推荐的那种
1038929703,2018-09-09 14:42,5.0,,,女性,真的好看 特别是张艺兴最后的演技  惊为天人
1038928825,2018-09-09 14:42,5.0,,,女性,好看的。。。
1038928802,2018-09-09 14:41,5.0,,,男性,强烈推荐！！
1038929685,2018-09-09 14:41,4.5,,,男性,不错………写出了人性
1038919786,2018-09-09 14:41,4.0,,,女性,还好。。。。
1038929644,2018-09-09 14:39,4.0,,,女性,还行吧，马马虎虎
1038917961,2018-09-09 14:38,5.0,,,女性,LAY哥首次反叛角色，帅翻了！着装太搞笑啦。
1038928722,2018-09-09 14:38,5.0,,,女性,值得一看，黄渤本色出演张艺兴演技爆炸了。
1038928720,2018-09-09 14:38,4.0,,,女性,还行，有逗乐有现实的无奈。
1038919757,2018-09-09 14:38,5.0,,,女性,为黄渤过去的  好看
1038928709,2018-09-09 14:37,0.5,,,女性,买了就不能退。没看
1038928708,2018-09-09 14:37,5.0,,,女性,好看的啊！！！！！！
1038917945,2018-09-09 14:37,4.5,,,女性,好看的电影啊
1038922526,2018-09-09 14:36,5.0,,,男性,可以，不错。
1038865163,2018-09-09 14:36,5.0,,,女性,一点都不好看，不知道什么跟什么
1038929581,2018-09-09 14:35,3.5,,,女性,怎么说呢，说的是喜剧，我哭的更让人思考人性啊，没有看到喜剧的影子。
1038929557,2018-09-09 14:35,2.0,,,女性,没啥意思 不好看
1038928627,2018-09-09 14:34,3.0,,,女性,贾羽佳我爱你
1038929531,2018-09-09 14:34,5.0,,,女性,完美，艺兴加油(ง •̀_•́)ง
1038929527,2018-09-09 14:33,5.0,,,女性,有一定现实意义
1038922501,2018-09-09 14:33,5.0,,,女性,看的最好的一场电影
1038919683,2018-09-09 14:31,4.0,,,女性,真的不错，希望国产电影多向深度去发展，而不只是爵迹小时代阿修罗。。。
1038919681,2018-09-09 14:31,4.0,,,女性,细思极恐，。
1038929446,2018-09-09 14:30,5.0,,,女性,很好看很好看
1038919670,2018-09-09 14:30,4.5,,,女性,还行，剧情有点乱
1038928533,2018-09-09 14:30,5.0,,,女性,满意满意满意满意满意
1038922458,2018-09-09 14:30,5.0,,,女性,屏幕非常爽 音响设备更是牛逼 座椅很舒服 IMAX电影真是一种享受
1038817903,2018-09-09 14:30,5.0,,,女性,很好看的说 后来看了网上的细节分析 感觉真的是一部细思极恐的影片 看懂了就很有教育意义 很棒的一部电影
1038917852,2018-09-09 14:28,0.5,,,男性,我不知道网上的好评哪来的，我怎么觉得这电影很烂啊
1038919656,2018-09-09 14:28,4.0,,,女性,影院网络太差
1038928465,2018-09-09 14:27,5.0,,,女性,好看和妈妈都很喜欢
1038922425,2018-09-09 14:26,3.5,,,女性,没说的这么好但还行
1038919639,2018-09-09 14:26,3.0,,,女性,我是没看出来哪里好看，是电影太有内涵了？？
1038928436,2018-09-09 14:25,3.5,,,女性,还可以。。。。。。
1038928420,2018-09-09 14:25,5.0,,,女性,还可以，挺好看的
1038929296,2018-09-09 14:23,5.0,,,女性,好看！几位大咖演技在线，张艺兴也有很大的突破
1038922398,2018-09-09 14:23,5.0,,,男性,好看，黄渤很用心的在做
1038929247,2018-09-09 14:22,5.0,,,女性,挺好看的嘿嘿
1038929218,2018-09-09 14:20,5.0,,,男性,小善与小恶的对决
1038917766,2018-09-09 14:19,4.0,,,女性,这部电影给我感觉一般般，没什么特别之处。
1038928265,2018-09-09 14:18,5.0,,,女性,好看(｡･ω･｡)ﾉ♡
1038929170,2018-09-09 14:18,4.0,,,女性,黄渤演的不错。
1038929160,2018-09-09 14:18,5.0,,,女性,不错不错不错………………………………
1038928227,2018-09-09 14:17,4.0,,,男性,还不错，单纯看看的是喜剧，看完网友分析有点诡异加悬疑。
1038917738,2018-09-09 14:16,5.0,,,女性,好看，舒淇好美
1038823759,2018-09-09 14:14,5.0,,,女性,挺好的挺好的
1038929076,2018-09-09 14:13,4.5,,,女性,最后来个反差
1038928106,2018-09-09 14:12,5.0,,,男性,还不错还不错
1038917690,2018-09-09 14:10,5.0,,,女性,还可以吧还行
1038922280,2018-09-09 14:09,4.5,,,女性,不是很喜欢，，也不讨厌
1038924963,2018-09-09 14:08,4.0,,,女性,电影挺不错，但是可能是怕被和谐的原因吧，但是没有把人在这种与外界隔绝的环境下所具有的兽性表现出来
1038917670,2018-09-09 14:08,5.0,,,女性,环境不错，电影也好看。
1038919488,2018-09-09 14:08,0.5,,,女性,垃圾片，画面能有槽点的电影，你说好吗？
1038919483,2018-09-09 14:07,3.0,,,女性,我是冲着几位大咖才看这部电影的  但是整体来看感觉一般般  感觉不到突出的主题在哪里 是人性还是现实？还是什么貌似没有看出来  这部影片有什么意义？全程一个孤岛感觉没啥意义的电影
1038924927,2018-09-09 14:07,4.5,,,男性,总体来讲还不错，值得一看
1038923997,2018-09-09 14:07,5.0,,,女性,值得一看，精彩
1038919479,2018-09-09 14:06,5.0,,,女性,有点枯燥，不适合我看
1038924912,2018-09-09 14:06,4.0,,,女性,还是比较好看的
1038923974,2018-09-09 14:06,4.5,,,女性,哦可哦可哦可
1038917647,2018-09-09 14:06,2.5,,,女性,一般般，没有吹嘘的那么好看，没有泪点，也没有喜感。
1038923924,2018-09-09 14:04,4.5,,,女性,还可以。。。。。
1038922222,2018-09-09 14:03,5.0,,,男性,只能给满分💯
1038922217,2018-09-09 14:03,4.0,,,女性,不错不错不错
1038919441,2018-09-09 14:03,0.5,,,男性,垃圾，黄渤刷新了我的电影观
1038924803,2018-09-09 14:02,4.5,,,女性,一般般的剧情吧，没有高潮
1038823750,2018-09-09 14:01,5.0,,,女性,很棒，人性刻画到位
1038923839,2018-09-09 14:00,5.0,,,女性,电影很好看。
1038924731,2018-09-09 13:58,3.5,,,女性,还行吧，😂️😂️😂️
1038924723,2018-09-09 13:58,5.0,,,女性,电影超好看，人心
1038924680,2018-09-09 13:56,1.0,,,女性,很期待的一部电影，但是觉得很无厘头
1038924656,2018-09-09 13:55,5.0,,,女性,很不错，，，，
1038924653,2018-09-09 13:55,3.0,,,女性,太烂了，没啥情节内容！
1038924642,2018-09-09 13:54,0.5,,,男性,呵呵不不不，
1038924622,2018-09-09 13:54,3.5,,,女性,不该带小朋友们去看的，以为是喜剧，小朋友看不懂。演员很出色，剧情新颖，但就是爱不起来
1038924573,2018-09-09 13:52,2.5,,,男性,前面节奏有点乱，后面底儿太厚，兜不住啊～野心太大，能力有限，处女作可圈可点吧
1038919325,2018-09-09 13:51,5.0,,,男性,很好看哦，很喜欢。
1038919316,2018-09-09 13:50,5.0,,,女性,好看，，，你们都去看了
1038919310,2018-09-09 13:49,4.5,,,女性,挺好看的，有得就有失
1038924449,2018-09-09 13:47,5.0,,,男性,非常不错哇，
1038919286,2018-09-09 13:46,5.0,,,女性,很好看，艺兴的演技太棒了
1038924447,2018-09-09 13:46,4.0,,,女性,还行，可以看的
1038923501,2018-09-09 13:45,2.5,,,女性,垃圾，不知道说什么
1038865103,2018-09-09 13:45,4.0,,,女性,不怎么样。。。
1038917453,2018-09-09 13:45,5.0,,,女性,你要我怎么说呢？？？
1038924417,2018-09-09 13:45,3.0,,,女性,明星阵容挺强大的，刚开始觉得有点搞笑，后面看不懂到底演了个什么，感觉没什么意思，看到后面快睡着了
1038923475,2018-09-09 13:44,3.0,,,女性,一般般吧。。
1038917445,2018-09-09 13:44,4.0,,,女性,还行吧，挺好的
1038917443,2018-09-09 13:44,3.0,,,女性,不是喜剧，不好看
1038924379,2018-09-09 13:43,3.0,,,女性,不好看→_→看的都快睡着了
1038924345,2018-09-09 13:42,5.0,,,女性,实惠好看下会还光顾
1038913999,2018-09-09 13:41,5.0,,,女性,挺好的啊是啊是啊
1038923407,2018-09-09 13:41,5.0,,,女性,好看，电影院的环境没的说，完美，只要我是奔着黄渤哥的电影去的，我很喜欢渤哥的电影
1038923394,2018-09-09 13:41,4.5,,,女性,还不错，电影院
1038917407,2018-09-09 13:41,5.0,,,女性,这片子有哲理  建议不要带小孩去看  他们看不懂啊哈哈哈
1038924290,2018-09-09 13:39,3.0,,,女性,演技很好，可是，找不到主题，太乱了，有点失望😔 
1038924269,2018-09-09 13:38,5.0,,,女性,超级好看~推荐
1038924217,2018-09-09 13:36,5.0,,,女性,不错，值得看
1038924211,2018-09-09 13:36,4.0,,,女性,看不懂。。。。
1038924203,2018-09-09 13:36,5.0,,,女性,剧情不错。很有创意。
1038817835,2018-09-09 13:36,2.0,,,女性,不好看，不好看
1038919189,2018-09-09 13:36,3.5,,,男性,剧情很新颖，演员的演技很赞~
1038924198,2018-09-09 13:36,2.0,,,女性,电影很枯燥，全程没有什么起伏，没看完就走了
1038917353,2018-09-09 13:35,5.0,,,男性,非常好看，黄渤拍的就是不错
1038913937,2018-09-09 13:35,1.0,,,女性,他来克隆办理人都阿拉蕾不梁
1038924166,2018-09-09 13:34,4.0,,,女性,有点玄幻的感觉
1038913925,2018-09-09 13:34,3.0,,,男性,一般，没有太吸引我的地方。
1038913924,2018-09-09 13:33,5.0,,,女性,可以？？？？
1038924129,2018-09-09 13:33,5.0,,,女性,值得去电影院看！
1038923172,2018-09-09 13:33,5.0,,,女性,支持我渤哥，棒棒棒
1038913913,2018-09-09 13:33,5.0,,,女性,很好的电影，搞笑又不失礼节，好吧有点失礼节，不过真的挺搞笑的。
1038924123,2018-09-09 13:32,5.0,,,女性,感觉还是挺好看的
1038924100,2018-09-09 13:32,4.5,,,女性,还不错，人性的善恶
1038919127,2018-09-09 13:31,5.0,,,女性,黄渤导的就是好看
1038919112,2018-09-09 13:30,4.0,,,女性,还行吧，看过就忘
1038823706,2018-09-09 13:29,4.0,,,女性,挺搞笑的，☺☺☺
1038917295,2018-09-09 13:28,5.0,,,女性,很不错的一部电影
1038913870,2018-09-09 13:28,5.0,,,男性,很好看，不错啊
1038924024,2018-09-09 13:28,4.5,,,男性,还可以，黄渤的电影还是好看
1038923058,2018-09-09 13:28,3.5,,,男性,感觉是个新的尝试
1038923053,2018-09-09 13:28,5.0,,,女性,喜欢黄渤演的，喜欢宝强
1038917282,2018-09-09 13:27,5.0,,,女性,好看，推荐。
1038923031,2018-09-09 13:27,4.5,,,女性,不错(*๓´╰╯`๓)♡
1038920965,2018-09-09 13:26,5.0,,,女性,好看  好看  好看
1038923017,2018-09-09 13:26,4.5,,,女性,值得一看，人心
1038913842,2018-09-09 13:26,5.0,,,女性,听说好看。。
1038921980,2018-09-09 13:25,4.0,,,女性,黄渤处女座，比想象中的要好。
1038865068,2018-09-09 13:24,4.0,,,女性,更多的是喜欢黄渤。电影本身不是很满意
1038913799,2018-09-09 13:22,5.0,,,女性,挺好看的，支持黄渤
1038920804,2018-09-09 13:20,5.0,,,女性,情节引人深思
1038917202,2018-09-09 13:20,3.5,,,女性,还行，个人感觉还行
1038920776,2018-09-09 13:19,5.0,,,女性,反正就是为了黄渤跟艺兴去的
1038921815,2018-09-09 13:19,5.0,,,女性,黄渤的处女作个人真的感觉还不错哦！！
1038920739,2018-09-09 13:18,4.0,,,女性,还可以，演技都在线
1038917177,2018-09-09 13:18,4.0,,,男性,黄渤，从不让人失望！
1038921781,2018-09-09 13:18,5.0,,,女性,还行8..支持黄渤
1038920734,2018-09-09 13:18,4.5,,,女性,还可以。不错的。
1038917172,2018-09-09 13:18,3.0,,,女性,一般般吧！凑合吧！
1038857110,2018-09-09 13:18,4.0,,,女性,评论必须填写。
1038913742,2018-09-09 13:17,5.0,,,男性,这片儿看着还不错
1038865053,2018-09-09 13:17,5.0,,,女性,评分好低，感觉比西红柿首富好
1038913721,2018-09-09 13:16,3.0,,,女性,勉强还可以吧
1038921702,2018-09-09 13:14,5.0,,,男性,还不错，剧情有点夸张吧
1038921694,2018-09-09 13:14,5.0,,,女性,还好吧，和女朋友看的
1038921691,2018-09-09 13:14,5.0,,,女性,很不错！人性刻画的很深刻
1038913672,2018-09-09 13:12,5.0,,,女性,挺好看的，黄渤加油
1038917096,2018-09-09 13:11,3.5,,,男性,还可以吧，没什么兴趣
1038913653,2018-09-09 13:10,3.5,,,女性,有点皮薄馅大了
1038912887,2018-09-09 13:09,5.0,,,男性,还好看，要免费更好看
1038921558,2018-09-09 13:09,4.0,,,女性,还好吧  还可以
1038920506,2018-09-09 13:09,4.0,,,女性,舒淇很美。很喜欢她电影里面的穿着。张艺兴演技明显提高。希望他以后有更多的作品。黄渤导演的第一步作品。还是要支持下的。电影的看点是尬舞跳起来的时候
1038920498,2018-09-09 13:08,3.0,,,男性,是我没看懂吧、本来很期待黄渤的。
1038920495,2018-09-09 13:08,5.0,,,女性,不错。。。。。。。。
1038917060,2018-09-09 13:08,5.0,,,男性,很值得人深思
1038913628,2018-09-09 13:08,5.0,,,女性,好看真的好看
1038917052,2018-09-09 13:07,5.0,,,男性,很好看，充分表达了人心
1038913617,2018-09-09 13:07,4.0,,,女性,还可以，黄渤算是用心制作的
1038921509,2018-09-09 13:06,5.0,,,女性,打广告吃火锅哈哈
1038913607,2018-09-09 13:06,5.0,,,女性,没说的，5星
1038920431,2018-09-09 13:05,4.0,,,女性,逻辑有问题，看不懂
1038921471,2018-09-09 13:05,4.5,,,女性,很棒的电影啊
1038921469,2018-09-09 13:05,5.0,,,女性,好看，可以，喜欢
1038913595,2018-09-09 13:05,5.0,,,女性,很好看(｡･ω･｡)ﾉ♡
1038920404,2018-09-09 13:05,5.0,,,女性,非常好看~~~~
1038917010,2018-09-09 13:03,5.0,,,女性,很好看，很喜欢
1038921401,2018-09-09 13:03,4.5,,,女性,很逗  挺好看的
1038920334,2018-09-09 13:03,4.0,,,男性,一般！情节略微简单，有点头重脚轻
1038921389,2018-09-09 13:02,4.5,,,女性,很多的隐喻和伏笔 不是传统的喜剧 为了搞笑而搞笑 值得细细品味
1038921365,2018-09-09 13:01,4.5,,,女性,挺好看的一部电影
1038913544,2018-09-09 13:01,4.0,,,女性,吧明明就是个坑
1038921358,2018-09-09 13:01,5.0,,,女性,意味深长的电影
1038817785,2018-09-09 13:01,5.0,,,女性,好看！！！！！！！
1038920274,2018-09-09 13:01,4.5,,,女性,感觉很好，有喜有悲。其中包含了一些道理。值得一看！
1038921349,2018-09-09 13:01,5.0,,,女性,挺好的，环境什么的
1038920264,2018-09-09 13:01,3.5,,,女性,影视开头可以，后期刷尴尬
1038920269,2018-09-09 13:00,5.0,,,男性,还行，比预期差点
1038912778,2018-09-09 13:00,5.0,,,女性,电影很好，值得一看。
1038909979,2018-09-09 13:00,5.0,,,女性,真的很精彩  不是纯搞笑 有人性的丑恶也有人情的冷暖
1038920258,2018-09-09 13:00,4.0,,,女性,挺好看的 支持黄老师
1038913527,2018-09-09 13:00,0.5,,,男性,影院停电怎么说
1038921317,2018-09-09 13:00,3.0,,,女性,还行吧，一般般
1038921267,2018-09-09 12:58,5.0,,,女性,搞笑的方式 揭露了人类的各种本性
1038913495,2018-09-09 12:58,0.5,,,女性,见到要评价，我愣了半天，一点印象没有，后来上百度查了一查，看了简介才想起来看过了，不是太差就是我失忆了！
1038921229,2018-09-09 12:57,5.0,,,男性,非常好看。。。
1038913476,2018-09-09 12:56,5.0,,,女性,好看6666
1038909913,2018-09-09 12:56,5.0,,,女性,匠心独具，经典作品
1038921199,2018-09-09 12:55,5.0,,,女性,好看好看好看
1038909909,2018-09-09 12:55,5.0,,,女性,爱与信任终于战胜了人性的贪婪！
1038920112,2018-09-09 12:54,5.0,,,女性,还可以哦，黄渤的电影都挺好玩的
1038909884,2018-09-09 12:54,3.0,,,男性,没有预期的那么好，剧本一般
1037352238,2018-09-09 12:53,3.0,,,女性,宝强，你的嗓子还好吗？赔我的耳膜。。。
1038920079,2018-09-09 12:53,5.0,,,女性,不错，非常好
1038920074,2018-09-09 12:53,5.0,,,女性,感动到哭，一直都喜欢黄渤老师的电影，
1038920053,2018-09-09 12:53,5.0,,,女性,很真实，很人性的电影
1038817773,2018-09-09 12:52,4.0,,,女性,看不大懂，细思极恐
1038912671,2018-09-09 12:52,0.5,,,女性,辣鸡辣鸡辣鸡辣鸡
1038920026,2018-09-09 12:52,3.0,,,女性,网上吹得如何深刻都没用，这片作为电影不好看
1038921068,2018-09-09 12:51,5.0,,,女性,黄渤走心了。好！
1038920022,2018-09-09 12:51,5.0,,,男性,还不错，，，，，，，，，
1038912653,2018-09-09 12:51,4.0,,,女性,还可以还可以
1038913422,2018-09-09 12:51,0.5,,,女性,不是这电影垃圾 是这电影院垃圾 3D眼镜还要自己买 买来也不实用看3D电影 累的眼睛疼
1038916996,2018-09-09 12:51,5.0,,,女性,挺好看的(｡･ω･｡)ﾉ♡
1038857079,2018-09-09 12:50,5.0,,,女性,特别好看！真的很
1038921019,2018-09-09 12:50,5.0,,,女性,挺好看。喜欢黄渤演戏
1038913411,2018-09-09 12:49,4.0,,,女性,看完心中会有些许压抑
1038921004,2018-09-09 12:49,5.0,,,女性,好看好看好看
1038916940,2018-09-09 12:49,5.0,,,女性,一部好电影，有深度，有意境，演员们很棒！
1038916915,2018-09-09 12:48,3.5,,,女性,电影的构思确实不错，但是在人物表现和环境营造方面还是有些欠缺。。后面的剧情有些乏味，跳舞那段有点泰国电影的感觉...虽然是喜剧，但是这样的笑点并不是值得人思考的。我觉得真正的值得思考喜剧应该从悲剧中带给人希望和思考
1038916907,2018-09-09 12:48,5.0,,,女性,还可以 一个人去看的  哈哈  好看
1038918937,2018-09-09 12:47,3.5,,,女性,场面很震撼，国产电影值得支持！
1038916892,2018-09-09 12:47,5.0,,,女性,挺好看的欢笑部分多，但是又让人思考
1038909808,2018-09-09 12:47,5.0,,,女性,很现实的一部片子
1038916880,2018-09-09 12:47,5.0,,,女性,好不错哦推荐去看看
1038909802,2018-09-09 12:46,4.5,,,女性,还可以吧，为黄渤而来！
1038916864,2018-09-09 12:46,4.0,,,女性,超好看的一部
1038823639,2018-09-09 12:45,3.0,,,男性,电影挺好看，不过影院故障让我很不满意
1038865001,2018-09-09 12:45,5.0,,,女性,还挺不错的啊
1038916834,2018-09-09 12:45,4.0,,,女性,艺兴小哥哥棒呆了！
1038913363,2018-09-09 12:45,5.0,,,女性,好看，不错，
1038916802,2018-09-09 12:44,5.0,,,女性,很好看，。。。。
1038913344,2018-09-09 12:43,5.0,,,女性,很有意思的一部电影
1038916775,2018-09-09 12:43,5.0,,,女性,人生一出好戏
1038916767,2018-09-09 12:42,5.0,,,女性,黄渤牛逼啊！
1038916761,2018-09-09 12:42,4.5,,,女性,挺好的，不过的确有难度，张艺兴的演技真的很好
1038912517,2018-09-09 12:42,4.0,,,女性,不好看。。。。😔
1038916757,2018-09-09 12:42,5.0,,,女性,还可以还可以
1038918771,2018-09-09 12:41,3.0,,,女性,个人不喜欢，，
1038913313,2018-09-09 12:41,5.0,,,男性,很棒，很现实，有教育意义
1038909746,2018-09-09 12:40,3.0,,,女性,反正觉得不好看~就当我肤浅好了。就是觉得不好看。
1038916685,2018-09-09 12:40,4.0,,,女性,感觉没有炒作和想像的那么好！
1038918684,2018-09-09 12:39,4.5,,,男性,可以？！！！！
1038916615,2018-09-09 12:37,5.0,,,女性,好看嗯就是这个样子
1038912459,2018-09-09 12:37,5.0,,,男性,很好看，很有内涵，演技很棒
1038916576,2018-09-09 12:36,5.0,,,男性,其实剧情一般  可是喜欢黄渤   演技真的好
1038918551,2018-09-09 12:35,5.0,,,女性,好当然好多年
1038913239,2018-09-09 12:35,5.0,,,男性,有点深奥，见识了不一样的张艺兴
1038918512,2018-09-09 12:34,3.5,,,女性,还不错，搞笑的很😊
1038913212,2018-09-09 12:33,5.0,,,女性,成人童话，社会寓言
1038857056,2018-09-09 12:32,5.0,,,女性,值得一看的电影
1038918449,2018-09-09 12:31,5.0,,,女性,非 常 好 看 。
1038918438,2018-09-09 12:31,4.0,,,女性,还可以，后面精彩
1038912381,2018-09-09 12:31,5.0,,,女性,非常非常非常好看
1038857053,2018-09-09 12:31,5.0,,,女性,冲着黄渤来的
1038857052,2018-09-09 12:31,3.5,,,女性,总体还不错，逻辑……
1038913165,2018-09-09 12:30,5.0,,,女性,看完电影，结束了
1038916379,2018-09-09 12:30,4.0,,,女性,也没有很喜剧，比较有思考性。
1038916375,2018-09-09 12:29,3.5,,,男性,希望越大，失望越大。没有想象中的那么好看
1038817748,2018-09-09 12:29,3.0,,,女性,过程很激励人心 结局不太好 都没交代清楚
1038918360,2018-09-09 12:29,4.0,,,女性,好看，演技爆棚，就是情节有点冗长
1038912344,2018-09-09 12:28,5.0,,,男性,穷是一种病。但不是无药可治。
1038918314,2018-09-09 12:27,4.0,,,女性,感觉很不错，诚意之作
1038857046,2018-09-09 12:27,5.0,,,女性,个人觉得很好看，演技爆炸的那种
1038918295,2018-09-09 12:27,5.0,,,女性,特别好看，支持黄渤
1038909578,2018-09-09 12:27,4.0,,,女性,行吧还可以看
1038916281,2018-09-09 12:26,3.5,,,女性,就那么回事，不是太好看
1038912317,2018-09-09 12:25,5.0,,,女性,好看的。😀️😀️😀️
1038918218,2018-09-09 12:25,5.0,,,女性,那天上班的有个小姑娘 叫什么雨萌 记不清楚了 特别有礼貌工作态度很好 那天我爆米花撒了一地 二话不说就给我重新打了一份 这是去其他的影城不可能的事情 万达都做不到 特别谢谢那天那个姑娘 我和我妈妈都记忆犹新
1038916248,2018-09-09 12:24,5.0,,,女性,好看啊非常好
1038918167,2018-09-09 12:23,5.0,,,女性,不错看着，强力推荐
1038912291,2018-09-09 12:23,5.0,,,女性,好看，好看，
1038918138,2018-09-09 12:22,5.0,,,女性,挺好  很满意，
1038916182,2018-09-09 12:22,5.0,,,女性,好看 没有失望
1038918109,2018-09-09 12:21,5.0,,,男性,故事写出了人性的善恶丑美，深刻揭露了当今社会的现状。
1038794965,2018-09-09 12:21,4.5,,,女性,还可以，看了两遍。
1038918087,2018-09-09 12:21,4.5,,,女性,还不错，挺搞笑滴。
1038909515,2018-09-09 12:21,4.5,,,女性,还算不错，有意义
1038918076,2018-09-09 12:21,4.5,,,女性,内容挺特别的
1038916134,2018-09-09 12:21,4.5,,,女性,暴露出的人性，真值得深思
1038912264,2018-09-09 12:20,5.0,,,女性,好看超级好看
1038912262,2018-09-09 12:20,3.5,,,女性,黄渤初次导演搞得成这样不错了，而且人性的变化比较到位的，比较惊艳是张艺兴的演技，完全的不尴尬了
1038918071,2018-09-09 12:20,5.0,,,女性,人生的大起大落就是这样，人性啊，黄渤老师演技好，故事结尾很好
1038912252,2018-09-09 12:20,5.0,,,女性,可以看看，，
1038817722,2018-09-09 12:19,3.5,,,女性,太一般般，没想到黄渤大叔会拍部烂戏
1038916052,2018-09-09 12:18,2.0,,,男性,烂的我都睡了
1038916000,2018-09-09 12:18,5.0,,,女性,看张艺兴的。
1038916008,2018-09-09 12:17,4.5,,,女性,剧情发展有些老套
1038915921,2018-09-09 12:15,5.0,,,女性,没宣传的好看
1038915912,2018-09-09 12:15,5.0,,,女性,对于剧情不做太多评价，因为这部电影黄渤老师拍了两年，十分不容易，片中揭露了人性中最真实的存在，题材很大胆，可能我个人品味不一样，有些无感
1038909437,2018-09-09 12:15,4.5,,,女性,还不错的一部片子
1038914927,2018-09-09 12:14,4.0,,,女性,支持宝强黄渤
1038857028,2018-09-09 12:14,3.5,,,男性,一部片子看出了人性，黄导从主演倒霉蛋到连拍到演，向成熟迈进一大步，不过，和徐峥的《我不是药神》比起来，无论是剧本还是演技，还有很大空间需要提升进步！加油，加油加油
1038914911,2018-09-09 12:14,5.0,,,女性,很不错的电影
1038915878,2018-09-09 12:14,5.0,,,女性,套路人心，现实与梦幻
1038914903,2018-09-09 12:14,5.0,,,男性,电影是好看，电影院服务差。
1038906958,2018-09-09 12:13,4.5,,,女性,网上几乎通篇一律的在夸艺兴黑化之后的演技，而忽略了最最体现他演技的那一刻。我也是在写另一个帖子的时候想起来要给大家普及一下（可能好多人以为我是收钱的好戏吹￼，但是请原谅，我只是很喜欢这部电影的影迷）。我这里要吹的是他飞牌时的演技。飞牌时几张面值小的牌在他看来已经是属于可以丢了也无所谓了。所以这时候一时兴起飞起了牌。这里要注意他的表情变化，从起初一时兴起的好玩，慢慢到得意、享受、高高在上的变化（这时候才是他演技的最巅峰）。这里也埋下了为什么会黑化的原因。因为他享受过了高高在上，戏谑众生的快感，让他再回到过去会比杀了他更难受。
1033732927,2018-09-09 12:13,5.0,,,女性,剧情很好，很喜欢张艺兴，演的太好了。看这个电影，让我有了更多思考，很喜欢。
1038914880,2018-09-09 12:13,5.0,,,女性,还行。。。。。
1038914876,2018-09-09 12:13,4.5,,,女性,和朋友一起去看的挺好看的
1038914860,2018-09-09 12:13,4.0,,,女性,很不错的电源
1038914848,2018-09-09 12:12,4.0,,,男性,看了可以回味
1038915816,2018-09-09 12:12,5.0,,,女性,人生如戏，戏如人生
1038914833,2018-09-09 12:12,5.0,,,女性,挺好看的😊😊
1038912156,2018-09-09 12:12,4.5,,,女性,前面还不错挺好看的，后面有点怎么说那
1038906925,2018-09-09 12:12,4.0,,,女性,好看，喜欢黄渤的戏
1038909395,2018-09-09 12:12,4.5,,,女性,期望值太高，感觉还可以
1038909394,2018-09-09 12:11,5.0,,,女性,可以可以可以
1038909393,2018-09-09 12:11,5.0,,,女性,好看的呢很好
1038906905,2018-09-09 12:10,4.5,,,女性,不错好看的电影
1038914758,2018-09-09 12:09,5.0,,,女性,好哈哈哈哈好好
1038914753,2018-09-09 12:09,4.0,,,女性,买票了没时间看，这叫我怎么评价
1038915721,2018-09-09 12:09,5.0,,,女性,非常好看，喜欢张艺兴
1038906881,2018-09-09 12:09,1.0,,,女性,不是一般的差，整个影厅5个人看
1038912113,2018-09-09 12:08,4.0,,,男性,有深度 有映射 还不错
1038909356,2018-09-09 12:08,4.5,,,女性,好看好看呀，细思极恐
1038915688,2018-09-09 12:08,5.0,,,女性,很好看，看的很感动，而且故事反转还挺令人震惊的[捂脸][捂脸]
1038915666,2018-09-09 12:08,3.0,,,女性,感觉一般，没啥神的感悟
1038912092,2018-09-09 12:07,5.0,,,女性,不要让自己失望过！在于我们之间
1038912089,2018-09-09 12:07,3.0,,,女性,还行吧，思路清晰，情节也还行
1038914647,2018-09-09 12:06,3.5,,,女性,感觉一般吧，没有预想的那么好
1038914635,2018-09-09 12:06,4.5,,,女性,很不错的电影 很有意义 讲出了人性和选择
1038914597,2018-09-09 12:05,3.0,,,男性,勉强吧，剧情内容。
1038857018,2018-09-09 12:05,5.0,,,男性,一般吧，不过把整体人类进化史缩影！也是黄渤尽心制作，张艺兴眼前一亮！！
1038906830,2018-09-09 12:04,2.5,,,女性,有点失望。。。
1038914589,2018-09-09 12:04,4.0,,,男性,非常好看，很喜欢
1038909302,2018-09-09 12:04,5.0,,,女性,人生如戏，戏如人生！
1038912058,2018-09-09 12:04,5.0,,,女性,真的是很有构想的一部电影。看第一遍可能更多的是去关注了其中的笑点。再次看从中能够读懂很多东西。这部电影真的很棒。所有的地方都不拖泥带水，很顺畅的去展现人性之类的东西。很值得二刷，去思考更多，去发现更多。
1033756827,2018-09-09 12:03,4.0,,,女性,片中笑了好几次，很好看，谢谢演员精彩的演绎～黄渤很棒！不错
1038914553,2018-09-09 12:03,5.0,,,女性,特别好我兴～
1038912034,2018-09-09 12:02,5.0,,,女性,特别特别完美
1038912031,2018-09-09 12:01,4.5,,,女性,可以库存 更喜欢
1038906788,2018-09-09 12:01,4.5,,,女性,挺好看的，支持
1038906785,2018-09-09 12:01,5.0,,,女性,编，导，演走心，赞！
1038912017,2018-09-09 12:01,2.5,,,女性,尿点很多，一般。
1038914482,2018-09-09 12:00,5.0,,,女性,好呵呵哈哈哈
1038915435,2018-09-09 12:00,5.0,,,女性,很好看，值得
1038857010,2018-09-09 12:00,5.0,,,女性,还好还不错啊啊
1038915392,2018-09-09 11:58,4.0,,,女性,OK，冲着黄渤去的
1038914415,2018-09-09 11:58,4.5,,,女性,构思较为巧妙，演员也角色到位，很不错，用心了。
1038915360,2018-09-09 11:58,4.0,,,女性,还行！！！！！！！
1038915354,2018-09-09 11:58,4.0,,,女性,觉得挺好的，起码不尴尬
1038915344,2018-09-09 11:57,5.0,,,男性,巧克力豆瓣绿地城南
1038915345,2018-09-09 11:57,5.0,,,女性,还可以。挺搞笑的，就是演的一直在岛上
1038914394,2018-09-09 11:57,5.0,,,女性,挺好挺好挺好
1038903938,2018-09-09 11:55,4.0,,,女性,还行吧…但没多少值得回味的东西，一笑而过。
1038914347,2018-09-09 11:55,5.0,,,女性,艺兴老公演技太高了
